<?xml version='1.0' encoding='utf-8'?>
<benchmark>
  <entries>
    <entry category="Astronaut" eid="Id1" shape="(X (X (X) (X)))" shape_type="mixed" size="3">
      <originaltripleset>
        <otriple>Alan_Bean | mission | Apollo_12</otriple>
        <otriple>Apollo_12 | operator | NASA</otriple>
        <otriple>Apollo_12 | crew1Up | David_Scott</otriple>
      </originaltripleset>
      <modifiedtripleset>
        <mtriple>Alan_Bean | mission | Apollo_12</mtriple>
        <mtriple>Apollo_12 | operator | NASA</mtriple>
        <mtriple>Apollo_12 | commander | David_Scott</mtriple>
      </modifiedtripleset>
      <lex comment="good" lid="Id1">Alan Bean was under commander David Scott on Nasa's Apollo 12 mission.</lex>
      <lex comment="good" lid="Id2">Alan Bean was a member of the NASA operated Apollo 12 crew commanded by David Scott.</lex>
      <lex comment="good" lid="Id3">David Scott was the commander of the NASA operated Apollo 12 flight mission on which the crew included Alan Bean.</lex>
    </entry>
    <entry category="Astronaut" eid="Id2" shape="(X (X) (X (X)))" shape_type="mixed" size="3">
      <originaltripleset>
        <otriple>Alan_Shepard | deathDate | "1998-07-21"^^xsd:date</otriple>
        <otriple>Alan_Shepard | deathPlace | California</otriple>
        <otriple>California | senators | Dianne_Feinstein</otriple>
      </originaltripleset>
      <modifiedtripleset>
        <mtriple>Alan_Shepard | deathDate | "1998-07-21"</mtriple>
        <mtriple>Alan_Shepard | deathPlace | California</mtriple>
        <mtriple>California | senators | Dianne_Feinstein</mtriple>
      </modifiedtripleset>
      <lex comment="good" lid="Id1">Dianne Feinstein is a senator in California where Alan Shepard died on July 21 1998.</lex>
      <lex comment="good" lid="Id2">Alan Shepard died on the 21st of July, 1998 in California (whose Senator was Dianne Feinstein).</lex>
    </entry>
    <entry category="Astronaut" eid="Id3" shape="(X (X) (X) (X))" shape_type="sibling" size="3">
      <originaltripleset>
        <otriple>Buzz_Aldrin | alternativeNames | "Edwin E. Aldrin, Jr."@en</otriple>
        <otriple>Buzz_Aldrin | mission | Apollo_11</otriple>
        <otriple>Buzz_Aldrin | almaMater | "Massachusetts Institute of Technology, Sc.D. 1963"@en</otriple>
      </originaltripleset>
      <modifiedtripleset>
        <mtriple>Buzz_Aldrin | alternativeName | "Edwin E. Aldrin, Jr."</mtriple>
        <mtriple>Buzz_Aldrin | mission | Apollo_11</mtriple>
        <mtriple>Buzz_Aldrin | almaMater | "Massachusetts Institute of Technology, Sc.D. 1963"</mtriple>
      </modifiedtripleset>
      <lex comment="good" lid="Id1">Buzz Aldrin, also called Edwin E. Aldrin Jr., graduated in 1963 from MIT with a Sc.D. and was a crew member on Apollo 11.</lex>
      <lex comment="good" lid="Id2">Buzz Aldrin, whose real name was Edwin E. Aldrin, Jr., graduated from Massachusetts Institute of Technology in 1963 with a doctorate in Science and later became a crew member of Apollo 11.</lex>
      <lex comment="good" lid="Id3">Buzz Aldrin (AKA Edwin E Aldrin Jr) graduated in 1963 from MIT with a Sc.D. was a crew member of Apollo 11.</lex>
      <lex comment="good" lid="Id4">Buzz Aldrin, whose real name is Edwin E. Aldrin Jr., was a member of Apollo 11 who in 1963 graduated with a Sc. D. from MIT.</lex>
    </entry>
    <entry category="Astronaut" eid="Id4" shape="(X (X) (X) (X))" shape_type="sibling" size="3">
      <originaltripleset>
        <otriple>Buzz_Aldrin | birthPlace | Glen_Ridge,_New_Jersey</otriple>
        <otriple>Buzz_Aldrin | timeInSpace | "52.0"^^&lt;http://dbpedia.org/datatype/minute&gt;</otriple>
        <otriple>Buzz_Aldrin | mission | Apollo_11</otriple>
      </originaltripleset>
      <modifiedtripleset>
        <mtriple>Buzz_Aldrin | birthPlace | Glen_Ridge,_New_Jersey</mtriple>
        <mtriple>Buzz_Aldrin | timeInSpace | "52.0"(minutes)</mtriple>
        <mtriple>Buzz_Aldrin | mission | Apollo_11</mtriple>
      </modifiedtripleset>
      <lex comment="good" lid="Id1">Buzz Aldrin, who was a member of the Apollo 11 crew and spent 52 minutes in space, was born in Glen Ridge New Jersey.</lex>
      <lex comment="good" lid="Id2">Born in Glen Ridge New Jersey, Apollo 11 crewman Buzz Aldrin spent 52 minutes in space.</lex>
      <lex comment="good" lid="Id3">Born in Glen Ridge, NJ, Buzz Aldrin spent 52 minutes in space as part of Apollo 11's crew.</lex>
    </entry>
    <entry category="Astronaut" eid="Id5" shape="(X (X) (X (X)))" shape_type="mixed" size="3">
      <originaltripleset>
        <otriple>California | fossil | Smilodon</otriple>
        <otriple>Alan_Shepard | deathPlace | California</otriple>
        <otriple>Alan_Shepard | awards | Distinguished_Service_Medal_(United_States_Navy)</otriple>
      </originaltripleset>
      <modifiedtripleset>
        <mtriple>California | fossil | Smilodon</mtriple>
        <mtriple>Alan_Shepard | deathPlace | California</mtriple>
        <mtriple>Alan_Shepard | award | Distinguished_Service_Medal_(United_States_Navy)</mtriple>
      </modifiedtripleset>
      <lex comment="good" lid="Id1">Alan Shepard, who was awarded the US Navy Distinguished Service Medal died in California, incidentally a Smilodon is a fossil from California.</lex>
      <lex comment="good" lid="Id2">Alan Shepard was awarded the Distinguished Service Medal by United States Navy and died in California (where a Smilodon fossil was found).</lex>
      <lex comment="good" lid="Id3">Alan Shepard, who was awarded the Distinguished Service Medal by the US Navy, died in California where the Smilodon fossil was found.</lex>
    </entry>
    <entry category="Astronaut" eid="Id6" shape="(X (X) (X) (X))" shape_type="sibling" size="3">
      <originaltripleset>
        <otriple>Elliot_See | deathPlace | St._Louis</otriple>
        <otriple>Elliot_See | deathDate | "1966-02-28"^^xsd:date</otriple>
        <otriple>Elliot_See | selection | 1962</otriple>
      </originaltripleset>
      <modifiedtripleset>
        <mtriple>Elliot_See | deathPlace | St._Louis</mtriple>
        <mtriple>Elliot_See | deathDate | "1966-02-28"</mtriple>
        <mtriple>Elliot_See | selectedByNasa | 1962</mtriple>
      </modifiedtripleset>
      <lex comment="good" lid="Id1">Elliot See who was selected by NASA in 1962 died on 28 February 1966 in St Louis.</lex>
      <lex comment="good" lid="Id2">Elliot See, ex NASA worker since 1962, died in St Louis on the 28th of February 1966.</lex>
      <lex comment="good" lid="Id3">Elliot See was selected by NASA in 1962. He died in St. Louis on 1966-02-28.</lex>
    </entry>
    <entry category="Astronaut" eid="Id7" shape="(X (X) (X) (X))" shape_type="sibling" size="3">
      <originaltripleset>
        <otriple>Elliot_See | status | "Deceased"@en</otriple>
        <otriple>Elliot_See | birthDate | "1927-07-23"^^xsd:date</otriple>
        <otriple>Elliot_See | birthPlace | Dallas</otriple>
      </originaltripleset>
      <modifiedtripleset>
        <mtriple>Elliot_See | status | "Deceased"</mtriple>
        <mtriple>Elliot_See | birthDate | "1927-07-23"</mtriple>
        <mtriple>Elliot_See | birthPlace | Dallas</mtriple>
      </modifiedtripleset>
      <lex comment="good" lid="Id1">Elliot See, born July 23 1927 in Dallas, has died.</lex>
      <lex comment="good" lid="Id2">Elliot See is deceased, was born on 23rd July 1927 in Dallas.</lex>
      <lex comment="good" lid="Id3">Elliot See (deceased) was born in Dallas 1927-07-23.</lex>
      <lex comment="good" lid="Id4">Elliot See was born in Dallas on July 23, 1927. He is now deceased.</lex>
    </entry>
    <entry category="Astronaut" eid="Id8" shape="(X (X) (X) (X))" shape_type="sibling" size="3">
      <originaltripleset>
        <otriple>William_Anders | birthDate | "1933-10-17"^^xsd:date</otriple>
        <otriple>William_Anders | birthPlace | British_Hong_Kong</otriple>
        <otriple>William_Anders | mission | Apollo_8</otriple>
      </originaltripleset>
      <modifiedtripleset>
        <mtriple>William_Anders | birthDate | "1933-10-17"</mtriple>
        <mtriple>William_Anders | birthPlace | British_Hong_Kong</mtriple>
        <mtriple>William_Anders | mission | Apollo_8</mtriple>
      </modifiedtripleset>
      <lex comment="good" lid="Id1">Born on October 17th, 1933 in British Hong Kong, William Anders would serve as a crew member on Apollo 8.</lex>
      <lex comment="good" lid="Id2">William Anders who was born on 17 October 1933 in British Hong Kong later served as a crew member of Apollo 8.</lex>
      <lex comment="good" lid="Id3">William Anders, who was born in British Hong Kong on the 17th of October 1933, crewed Apollo 8.</lex>
    </entry>
  </entries>
</benchmark>
