<?xml version='1.0' encoding='utf-8'?>
<benchmark>
  <entries>
    <entry category="ComicsCharacter" eid="Id1" shape="(X (X) (X (X)))" shape_type="mixed" size="3">
      <originaltripleset>
        <otriple>Karl_Kesel | nationality | Americans</otriple>
        <otriple>Auron_(comics) | creators | Karl_Kesel</otriple>
        <otriple>Auron_(comics) | creator | Walt_Simonson</otriple>
      </originaltripleset>
      <originaltripleset>
        <otriple>Auron_(comics) | creator | Karl_Kesel</otriple>
        <otriple>Karl_Kesel | nationality | Americans</otriple>
        <otriple>Auron_(comics) | creators | Walt_Simonson</otriple>
      </originaltripleset>
      <modifiedtripleset>
        <mtriple>Auron_(comicsCharacter) | creator | Karl_Kesel</mtriple>
        <mtriple>Karl_Kesel | nationality | Americans</mtriple>
        <mtriple>Auron_(comicsCharacter) | creator | Walt_Simonson</mtriple>
      </modifiedtripleset>
      <lex comment="good" lid="Id1">The comic character Auron was created by Walt Simonson and the American, Karl Kesel.</lex>
      <lex comment="good" lid="Id2">Karl Kesel, an American along with Walt Simonson created the comic book character Auron.</lex>
      <lex comment="good" lid="Id3">The comic character, Auron, was created by Walt Simonson and the American Karl Kesel.</lex>
    </entry>
    <entry category="ComicsCharacter" eid="Id2" shape="(X (X (X) (X)))" shape_type="mixed" size="3">
      <originaltripleset>
        <otriple>BBC | keyPeople | Tony_Hall,_Baron_Hall_of_Birkenhead</otriple>
        <otriple>Bananaman | network | BBC</otriple>
        <otriple>BBC | locationCity | London</otriple>
      </originaltripleset>
      <modifiedtripleset>
        <mtriple>BBC | keyPerson | Tony_Hall,_Baron_Hall_of_Birkenhead</mtriple>
        <mtriple>Bananaman | broadcastedBy | BBC</mtriple>
        <mtriple>BBC | city | London</mtriple>
      </modifiedtripleset>
      <lex comment="good" lid="Id1">Tony Hall, Baron Hall of Birkenhead, is a key person at the BBC which is located in London and broadcast Bananaman.</lex>
      <lex comment="good" lid="Id2">A key person at the BBC, which is located in London and broadcast Bananaman, is Baron Hall of Birkenhead, Tony Hall.</lex>
    </entry>
    <entry category="ComicsCharacter" eid="Id3" shape="(X (X) (X) (X))" shape_type="sibling" size="3">
      <originaltripleset>
        <otriple>Bananaman | starring | Bill_Oddie</otriple>
        <otriple>Bananaman | firstAired | "1983-10-03"^^xsd:date</otriple>
        <otriple>Bananaman | network | "STV"@en</otriple>
      </originaltripleset>
      <modifiedtripleset>
        <mtriple>Bananaman | starring | Bill_Oddie</mtriple>
        <mtriple>Bananaman | firstAired | "1983-10-03"</mtriple>
        <mtriple>Bananaman | broadcastedBy | "STV"</mtriple>
      </modifiedtripleset>
      <lex comment="good" lid="Id1">Bill Oddie starred in Bananaman which first aired on 3 October 1983 and was broadcast by STV.</lex>
      <lex comment="good" lid="Id2">Bill Oddie starred in Bananaman which was first aired on 3 October 1983 and broadcast by STV.</lex>
      <lex comment="good" lid="Id3">Bananaman which first aired on October 3rd, 1983 stars Billie Oddie and is broadcasted by STV.</lex>
    </entry>
    <entry category="ComicsCharacter" eid="Id4" shape="(X (X) (X) (X))" shape_type="sibling" size="3">
      <originaltripleset>
        <otriple>Baymax | creators | Duncan_Rouleau</otriple>
        <otriple>Baymax | firstAppearance | "Big Hero 6(2014)"</otriple>
        <otriple>Baymax | creator | Steven_T._Seagle</otriple>
      </originaltripleset>
      <originaltripleset>
        <otriple>Baymax | creator | Duncan_Rouleau</otriple>
        <otriple>Baymax | firstAppearance | "Big Hero 6(2014)"</otriple>
        <otriple>Baymax | creators | Steven_T._Seagle</otriple>
      </originaltripleset>
      <originaltripleset>
        <otriple>Baymax | first | Big_Hero_6_(film)</otriple>
        <otriple>Baymax | creator | Duncan_Rouleau</otriple>
        <otriple>Baymax | creators | Steven_T._Seagle</otriple>
      </originaltripleset>
      <originaltripleset>
        <otriple>Baymax | first | Big_Hero_6_(film)</otriple>
        <otriple>Baymax | creators | Duncan_Rouleau</otriple>
        <otriple>Baymax | creator | Steven_T._Seagle</otriple>
      </originaltripleset>
      <modifiedtripleset>
        <mtriple>Baymax | firstAppearanceInFilm | Big_Hero_6_(film)</mtriple>
        <mtriple>Baymax | creator | Duncan_Rouleau</mtriple>
        <mtriple>Baymax | creator | Steven_T._Seagle</mtriple>
      </modifiedtripleset>
      <lex comment="good" lid="Id1">Baymax first appeared in Big Hero 6 and was created by Duncan Rouleau and Steven T. Seagle.</lex>
      <lex comment="good" lid="Id2">Baymax's first film appearance was in Big Hero 6. He was created by Duncan Rouleau and Steven T Seagle.</lex>
      <lex comment="good" lid="Id3">Duncan Rouleau and Steven T. Seagle created Baymax who had his first movie appearance in Big Hero 6.</lex>
    </entry>
    <entry category="ComicsCharacter" eid="Id5" shape="(X (X) (X) (X))" shape_type="sibling" size="3">
      <originaltripleset>
        <otriple>Bibbo_Bibbowski | creator | Jerry_Ordway</otriple>
        <otriple>Bibbo_Bibbowski | creators | Marv_Wolfman</otriple>
        <otriple>Bibbo_Bibbowski | fullName | "Bo Bibbowski"@en</otriple>
      </originaltripleset>
      <originaltripleset>
        <otriple>Bibbo_Bibbowski | creators | Jerry_Ordway</otriple>
        <otriple>Bibbo_Bibbowski | creator | Marv_Wolfman</otriple>
        <otriple>Bibbo_Bibbowski | fullName | "Bo Bibbowski"@en</otriple>
      </originaltripleset>
      <modifiedtripleset>
        <mtriple>Bibbo_Bibbowski | creator | Jerry_Ordway</mtriple>
        <mtriple>Bibbo_Bibbowski | creator | Marv_Wolfman</mtriple>
        <mtriple>Bibbo_Bibbowski | fullName | "Bo Bibbowski"</mtriple>
      </modifiedtripleset>
      <lex comment="good" lid="Id1">The creator of Bibbo Bibbowski, who is often called Bibbo, are Jerry Ordway and Marv Wolfman.</lex>
    </entry>
    <entry category="ComicsCharacter" eid="Id6" shape="(X (X) (X) (X))" shape_type="sibling" size="3">
      <originaltripleset>
        <otriple>Blockbuster_(DC_Comics) | creator | Roger_Stern</otriple>
        <otriple>Blockbuster_(DC_Comics) | alterEgo | "Roland Desmond"@en</otriple>
        <otriple>Blockbuster_(DC_Comics) | creators | Tom_Lyle</otriple>
      </originaltripleset>
      <modifiedtripleset>
        <mtriple>Blockbuster_(comicsCharacter) | creator | Roger_Stern</mtriple>
        <mtriple>Blockbuster_(comicsCharacter) | alternativeName | "Roland Desmond"</mtriple>
        <mtriple>Blockbuster_(comicsCharacter) | creator | Tom_Lyle</mtriple>
      </modifiedtripleset>
      <lex comment="good" lid="Id1">The comic character Blockbuster, also known as Roland Desmond, was created by Roger Stern and Tom Lyle.</lex>
      <lex comment="good" lid="Id2">The comic book character Blockbuster's alter ego is Roland Desmond and he was created by Roger Stern and Tom Lyle.</lex>
    </entry>
    <entry category="ComicsCharacter" eid="Id7" shape="(X (X) (X) (X))" shape_type="sibling" size="3">
      <originaltripleset>
        <otriple>Bolt_(DC_Comics) | creators | Ernie_Colón</otriple>
        <otriple>Bolt_(DC_Comics) | alterEgo | "Larry Bolatinsky"@en</otriple>
        <otriple>Bolt_(DC_Comics) | creator | Dan_Mishkin</otriple>
      </originaltripleset>
      <modifiedtripleset>
        <mtriple>Bolt_(comicsCharacter) | creator | Ernie_Colón</mtriple>
        <mtriple>Bolt_(comicsCharacter) | alternativeName | "Larry Bolatinsky"</mtriple>
        <mtriple>Bolt_(comicsCharacter) | creator | Dan_Mishkin</mtriple>
      </modifiedtripleset>
      <lex comment="good" lid="Id1">The comic character Bolt has the alternative name of Larry Bolatinsky and was created by Ernie Colon and Dan Mishkin.</lex>
      <lex comment="good" lid="Id2">Bolt, a comic character AKA Larry Bolatinsky was created by Dan Mishkin and Ernie Colón.</lex>
      <lex comment="good" lid="Id3">The comic character Bolt whose alternative name is Larry Bolatinsky was created by Ernie Colon and Dan Mishkin.</lex>
    </entry>
    <entry category="ComicsCharacter" eid="Id8" shape="(X (X) (X) (X))" shape_type="sibling" size="3">
      <originaltripleset>
        <otriple>Bolt_(DC_Comics) | creators | Paris_Cullins</otriple>
        <otriple>Bolt_(DC_Comics) | alterEgo | "Larry Bolatinsky"@en</otriple>
        <otriple>Bolt_(DC_Comics) | creator | Dan_Mishkin</otriple>
      </originaltripleset>
      <modifiedtripleset>
        <mtriple>Bolt_(comicsCharacter) | creator | Paris_Cullins</mtriple>
        <mtriple>Bolt_(comicsCharacter) | alternativeName | "Larry Bolatinsky"</mtriple>
        <mtriple>Bolt_(comicsCharacter) | creator | Dan_Mishkin</mtriple>
      </modifiedtripleset>
      <lex comment="good" lid="Id1">An alternative name for the comic character Bolt is Larry Bolatinsky and he was created by Paris Cullins and Dan Mishkin.</lex>
      <lex comment="good" lid="Id2">The comic character Bolt, aka Larry Bolatinsky, was created by Paris Cullins and Dan Mishkin.</lex>
    </entry>
  </entries>
</benchmark>
