<?xml version='1.0' encoding='utf-8'?>
<benchmark>
  <entries>
    <entry category="Monument" eid="Id1" shape="(X (X (X) (X)))" shape_type="mixed" size="3">
      <originaltripleset>
        <otriple>Adams_County,_Pennsylvania | west | Franklin_County,_Pennsylvania</otriple>
        <otriple>Adams_County,_Pennsylvania | southwest | Frederick_County,_Maryland</otriple>
        <otriple>11th_Mississippi_Infantry_Monument | region | Adams_County,_Pennsylvania</otriple>
      </originaltripleset>
      <modifiedtripleset>
        <mtriple>Adams_County,_Pennsylvania | hasToItsWest | Franklin_County,_Pennsylvania</mtriple>
        <mtriple>Adams_County,_Pennsylvania | hasToItsSouthwest | Frederick_County,_Maryland</mtriple>
        <mtriple>11th_Mississippi_Infantry_Monument | location | Adams_County,_Pennsylvania</mtriple>
      </modifiedtripleset>
      <lex comment="good" lid="Id1">Adams County, Pennsylvania is the location of the 11th Mississippi Infantry monument. Franklin County Pennsylvania is to the west and Frederick County to the south west.</lex>
      <lex comment="good" lid="Id2">The 11th Mississippi Infantry Monument is located in Adams County Pennsylvania, between Franklin County to the west and Frederick County to the southwest.</lex>
    </entry>
    <entry category="Monument" eid="Id2" shape="(X (X) (X (X)))" shape_type="mixed" size="3">
      <originaltripleset>
        <otriple>Azerbaijan | leader | Artur_Rasizade</otriple>
        <otriple>Baku_Turkish_Martyrs'_Memorial | dedicatedTo | "Ottoman Army soldiers killed in the Battle of Baku"@en</otriple>
        <otriple>Baku_Turkish_Martyrs'_Memorial | location | Azerbaijan</otriple>
      </originaltripleset>
      <modifiedtripleset>
        <mtriple>Azerbaijan | leader | Artur_Rasizade</mtriple>
        <mtriple>Baku_Turkish_Martyrs'_Memorial | dedicatedTo | "Ottoman Army soldiers killed in the Battle of Baku"</mtriple>
        <mtriple>Baku_Turkish_Martyrs'_Memorial | location | Azerbaijan</mtriple>
      </modifiedtripleset>
      <lex comment="good" lid="Id1">The Baku Turkish Martyrs' memorial which is dedicated to the soldiers of the Ottoman army who were killed in the Battle of Baku is located in Azerbaijan. At present Artur Rasizade is the leader of the country.</lex>
    </entry>
    <entry category="Monument" eid="Id3" shape="(X (X) (X) (X))" shape_type="sibling" size="3">
      <originaltripleset>
        <otriple>Baku_Turkish_Martyrs'_Memorial | dedicatedTo | "Ottoman Army soldiers killed in the Battle of Baku"@en</otriple>
        <otriple>Baku_Turkish_Martyrs'_Memorial | location | Azerbaijan</otriple>
        <otriple>Baku_Turkish_Martyrs'_Memorial | designer | "Hüseyin Bütüner and Hilmi Güner"@en</otriple>
      </originaltripleset>
      <modifiedtripleset>
        <mtriple>Baku_Turkish_Martyrs'_Memorial | dedicatedTo | "Ottoman Army soldiers killed in the Battle of Baku"</mtriple>
        <mtriple>Baku_Turkish_Martyrs'_Memorial | location | Azerbaijan</mtriple>
        <mtriple>Baku_Turkish_Martyrs'_Memorial | designer | "Hüseyin Bütüner and Hilmi Güner"</mtriple>
      </modifiedtripleset>
      <lex comment="good" lid="Id1">The Baku Turkish Martyrs Memorial in Azerbaijan was designed by Hüseyin Bütüner and Hilmi Güner and is dedicated to Ottoman Army soldiers killed in the Battle of Baku.</lex>
      <lex comment="good" lid="Id2">The Baku Turkish Martyrs' Memorial in Azerbaijan was designed by Hüseyin Bütüner and Hilmi Güner and is dedicated to the Ottoman Army Soldiers killed in the Battle of Baku.</lex>
      <lex comment="good" lid="Id3">The Baku Turkish Martyrs' Memorial in Azerbaijan, designed by Hüseyin Bütüner and Hilmi Güner, is dedicated to the Ottoman Army soldiers killed in the Battle of Baku.</lex>
    </entry>
    <entry category="Monument" eid="Id4" shape="(X (X) (X (X)))" shape_type="mixed" size="3">
      <originaltripleset>
        <otriple>Baku_Turkish_Martyrs'_Memorial | location | Azerbaijan</otriple>
        <otriple>Azerbaijan | leaderName | Artur_Rasizade</otriple>
        <otriple>Baku_Turkish_Martyrs'_Memorial | designer | "Hüseyin Bütüner and Hilmi Güner"@en</otriple>
      </originaltripleset>
      <modifiedtripleset>
        <mtriple>Baku_Turkish_Martyrs'_Memorial | location | Azerbaijan</mtriple>
        <mtriple>Azerbaijan | leader | Artur_Rasizade</mtriple>
        <mtriple>Baku_Turkish_Martyrs'_Memorial | designer | "Hüseyin Bütüner and Hilmi Güner"</mtriple>
      </modifiedtripleset>
      <lex comment="good" lid="Id1">Azerbaijan, where the leader is Artur Rasizade, is the location of the Baku Turkish Martyrs Memorial. The memorial was designed by Huseyin Butuner and Hilmi Guner.</lex>
      <lex comment="good" lid="Id2">The Baku Turkish Martyrs' Memorial, designed by Huseyin Butuner and Hilmi Guner, is located in Azerbaijan, where the leader is Artur Rasizade.</lex>
    </entry>
    <entry category="Monument" eid="Id5" shape="(X (X) (X) (X))" shape_type="sibling" size="3">
      <originaltripleset>
        <otriple>Baku_Turkish_Martyrs'_Memorial | location | Azerbaijan</otriple>
        <otriple>Baku_Turkish_Martyrs'_Memorial | nativeName | "Türk Şehitleri Anıtı"@en</otriple>
        <otriple>Baku_Turkish_Martyrs'_Memorial | designer | "Hüseyin Bütüner and Hilmi Güner"@en</otriple>
      </originaltripleset>
      <modifiedtripleset>
        <mtriple>Baku_Turkish_Martyrs'_Memorial | location | Azerbaijan</mtriple>
        <mtriple>Baku_Turkish_Martyrs'_Memorial | nativeName | "Türk Şehitleri Anıtı"</mtriple>
        <mtriple>Baku_Turkish_Martyrs'_Memorial | designer | "Hüseyin Bütüner and Hilmi Güner"</mtriple>
      </modifiedtripleset>
      <lex comment="good" lid="Id1">The Baku Turkish Martyrs' Memorial was designed by Huseyin Butuner and Hilmi Guner, and is located in Azerbaijan, where it is called Turk Sehitleri Aniti.</lex>
    </entry>
  </entries>
</benchmark>
