<?xml version='1.0' encoding='utf-8'?>
<benchmark>
  <entries>
    <entry category="Politician" eid="Id1" shape="(X (X) (X) (X))" shape_type="sibling" size="3">
      <originaltripleset>
        <otriple>Aaron_S._Daggett | award | Purple_Heart</otriple>
        <otriple>Aaron_S._Daggett | birthPlace | Maine</otriple>
        <otriple>Aaron_S._Daggett | battles | Battle_of_Fredericksburg</otriple>
      </originaltripleset>
      <modifiedtripleset>
        <mtriple>Aaron_S._Daggett | award | Purple_Heart</mtriple>
        <mtriple>Aaron_S._Daggett | birthPlace | Maine</mtriple>
        <mtriple>Aaron_S._Daggett | battle | Battle_of_Fredericksburg</mtriple>
      </modifiedtripleset>
      <lex comment="good" lid="Id1">Purple Heart recipient Aaron S. Daggett was born in Maine and, most notably, fought in the Battle of Fredericksburg.</lex>
      <lex comment="good" lid="Id2">Born in Maine, Purple Heart recipient, Aaron S Daggett has fought in battles, the most notable being the Battle of Fredericksburg.</lex>
      <lex comment="good" lid="Id3">Aaron S Daggett, born in Maine, fought in the Battle of Fredericksburg. He was given the Purple Heart.</lex>
    </entry>
    <entry category="Politician" eid="Id2" shape="(X (X) (X) (X))" shape_type="sibling" size="3">
      <originaltripleset>
        <otriple>Ab_Klink | almaMater | Erasmus_University_Rotterdam</otriple>
        <otriple>Ab_Klink | party | Christian_Democratic_Appeal</otriple>
        <otriple>Ab_Klink | birthPlace | Netherlands</otriple>
      </originaltripleset>
      <originaltripleset>
        <otriple>Ab_Klink | almaMater | Sociology</otriple>
        <otriple>Ab_Klink | party | Christian_Democratic_Appeal</otriple>
        <otriple>Ab_Klink | birthPlace | Netherlands</otriple>
      </originaltripleset>
      <modifiedtripleset>
        <mtriple>Ab_Klink | almaMater | Erasmus_University_Rotterdam</mtriple>
        <mtriple>Ab_Klink | party | Christian_Democratic_Appeal</mtriple>
        <mtriple>Ab_Klink | birthPlace | Netherlands</mtriple>
      </modifiedtripleset>
      <lex comment="good" lid="Id1">Ab Klink was born in the Netherlands, belongs to the Christian Democratic Appeal party and graduated from Erasmus University in Rotterdam.</lex>
      <lex comment="good" lid="Id2">Born in the Netherlands, Ab Klink attended Erasmus University Rotterdam and belongs to the Christian Democratic Appeal party.</lex>
    </entry>
    <entry category="Politician" eid="Id3" shape="(X (X) (X) (X))" shape_type="sibling" size="3">
      <originaltripleset>
        <otriple>Abdul_Taib_Mahmud | residence | Sarawak</otriple>
        <otriple>Abdul_Taib_Mahmud | birthPlace | Kingdom_of_Sarawak</otriple>
        <otriple>Abdul_Taib_Mahmud | party | "Barisan Ra'ayat Jati Sarawak"@en</otriple>
      </originaltripleset>
      <modifiedtripleset>
        <mtriple>Abdul_Taib_Mahmud | residence | Sarawak</mtriple>
        <mtriple>Abdul_Taib_Mahmud | birthPlace | Kingdom_of_Sarawak</mtriple>
        <mtriple>Abdul_Taib_Mahmud | party | "Barisan Ra'ayat Jati Sarawak"</mtriple>
      </modifiedtripleset>
      <lex comment="good" lid="Id1">Born in the Kingdom of Sarawak, Abdul Taib Mahmud, resides in Sarawak and is a member of Barisan Ra'ayat Jati Sarawak party.</lex>
      <lex comment="good" lid="Id2">Abdul Taib Mahmud was born and lives in the Kingdom of Sarawak and is a member of the "Barisan Ra'ayat Jati Sarawak" party.</lex>
      <lex comment="good" lid="Id3">Abdul Taib Mahmud, a member of Barisan Ra'ayat Jati Sarawak party, was born in Kingdom of Sarawak and lives in Sarawak.</lex>
    </entry>
    <entry category="Politician" eid="Id4" shape="(X (X) (X) (X))" shape_type="sibling" size="3">
      <originaltripleset>
        <otriple>Abdul_Taib_Mahmud | residence | Sarawak</otriple>
        <otriple>Abdul_Taib_Mahmud | birthPlace | Miri,_Malaysia</otriple>
        <otriple>Abdul_Taib_Mahmud | party | "Barisan Ra'ayat Jati Sarawak"@en</otriple>
      </originaltripleset>
      <modifiedtripleset>
        <mtriple>Abdul_Taib_Mahmud | residence | Sarawak</mtriple>
        <mtriple>Abdul_Taib_Mahmud | birthPlace | Miri,_Malaysia</mtriple>
        <mtriple>Abdul_Taib_Mahmud | party | "Barisan Ra'ayat Jati Sarawak"</mtriple>
      </modifiedtripleset>
      <lex comment="good" lid="Id1">Born in Miri, Malaysia, and living in, Sarawak, Abdul Taib Mahmud, is a member of Barisan Ra'ayat Jati Sarawak party.</lex>
      <lex comment="good" lid="Id2">Born in Miri, in Malaysia, Abdul Taib Mahmud, resides in Sarawak and is a member of the "Barisan Ra'ayat Jati Sarawak" party.</lex>
      <lex comment="good" lid="Id3">Abdul Taib Mahmud, a member of the Barisan Ra'ayat Jati Sarawak party, was born in Miri, Malaysia and lives in Sarawak.</lex>
    </entry>
    <entry category="Politician" eid="Id5" shape="(X (X (X) (X)))" shape_type="mixed" size="3">
      <originaltripleset>
        <otriple>Abdulsalami_Abubakar | vicePresident | Mike_Akhigbe</otriple>
        <otriple>Mike_Akhigbe | predecessor | Oladipo_Diya</otriple>
        <otriple>Mike_Akhigbe | successor | Atiku_Abubakar</otriple>
      </originaltripleset>
      <modifiedtripleset>
        <mtriple>Abdulsalami_Abubakar | inOfficeWhileVicePresident | Mike_Akhigbe</mtriple>
        <mtriple>Mike_Akhigbe | predecessor | Oladipo_Diya</mtriple>
        <mtriple>Mike_Akhigbe | successor | Atiku_Abubakar</mtriple>
      </modifiedtripleset>
      <lex comment="good" lid="Id1">Oladipo Diya was the predecessor of Mike Akhigbe, whose successor was Atiku Abubakar. Abdulsalami Abubakar was in office while Mike Akhigbe was the Vice President.</lex>
      <lex comment="good" lid="Id2">Abdulsalami Abubakar was in office whilst Mike Akhigbe was Vice President. Oladipo Diya was the predecessor of Mike Akhigbe, who was succeeded by Atiku Abubakar.</lex>
      <lex comment="good" lid="Id3">Abdulsalami Abubakar was in office while Mike Akhigbe was Vice President who took over from Oladipo Diya and then was succeeded by Atiku Abubakar.</lex>
    </entry>
    <entry category="Politician" eid="Id6" shape="(X (X) (X (X)))" shape_type="mixed" size="3">
      <originaltripleset>
        <otriple>Abdulsalami_Abubakar | successor | Olusegun_Obasanjo</otriple>
        <otriple>Abdulsalami_Abubakar | vicePresident | Mike_Akhigbe</otriple>
        <otriple>Mike_Akhigbe | predecessor | Oladipo_Diya</otriple>
      </originaltripleset>
      <modifiedtripleset>
        <mtriple>Abdulsalami_Abubakar | successor | Olusegun_Obasanjo</mtriple>
        <mtriple>Abdulsalami_Abubakar | inOfficeWhileVicePresident | Mike_Akhigbe</mtriple>
        <mtriple>Mike_Akhigbe | predecessor | Oladipo_Diya</mtriple>
      </modifiedtripleset>
      <lex comment="good" lid="Id1">Abdulsalami Abubakar served while Mike Akhigbe, who was preceded by Oladipo Diya, was Vice President. He was succeeded by Olusegun Obasanjo.</lex>
      <lex comment="good" lid="Id2">Abdulsalami Abubakar's successor was Olusegun Obasanjo. Abdulsalami Abubakar was in office while Mike Akhigbe was Vice President who, in turn, was the predecessor of Oladipo Diya.</lex>
      <lex comment="good" lid="Id3">Olusegun Obasanjo succeeded Abdulsalami Abubakar, who was in office while Mike Akhigbe was the Vice President. Oladipo Diya was the predecessor of Mike Akhigbe.</lex>
    </entry>
    <entry category="Politician" eid="Id7" shape="(X (X) (X (X)))" shape_type="mixed" size="3">
      <originaltripleset>
        <otriple>Abdulsalami_Abubakar | successor | Olusegun_Obasanjo</otriple>
        <otriple>Abdulsalami_Abubakar | militaryBranch | Nigerian_Air_Force</otriple>
        <otriple>Olusegun_Obasanjo | vicePresident | Atiku_Abubakar</otriple>
      </originaltripleset>
      <modifiedtripleset>
        <mtriple>Abdulsalami_Abubakar | successor | Olusegun_Obasanjo</mtriple>
        <mtriple>Abdulsalami_Abubakar | militaryBranch | Nigerian_Air_Force</mtriple>
        <mtriple>Olusegun_Obasanjo | inOfficeWhileVicePresident | Atiku_Abubakar</mtriple>
      </modifiedtripleset>
      <lex comment="good" lid="Id1">Abdulsalami Abubakar, who served in the Nigerian Air Force, was succeeded by Olusegun Obasanjo, who was in office at the same time that Atiku Abubakar was Vice President.</lex>
      <lex comment="good" lid="Id2">Nigerian Air Force member Abdulsalami Abubakar was succeeded by Olusegun Obasanjo who was in office whilst Atiku Abubakar was Vice President.</lex>
      <lex comment="good" lid="Id3">Abdulsalami Abubakar served in the Nigerian Air Force. Olusegun Obasanjo succeeded him. When Mr. Obasanjo was in office, Atiku Abubakar was Vice-President.</lex>
    </entry>
    <entry category="Politician" eid="Id8" shape="(X (X) (X) (X))" shape_type="sibling" size="3">
      <originaltripleset>
        <otriple>Abel_Caballero | birthPlace | Spain</otriple>
        <otriple>Abel_Caballero | office | "Minister of Transport"</otriple>
        <otriple>Abel_Caballero | placeOfBirth | Galicia_(Spain)</otriple>
      </originaltripleset>
      <originaltripleset>
        <otriple>Abel_Caballero | office | "Minister of Transport"</otriple>
        <otriple>Abel_Caballero | birthPlace | Galicia_(Spain)</otriple>
        <otriple>Abel_Caballero | placeOfBirth | Spain</otriple>
      </originaltripleset>
      <modifiedtripleset>
        <mtriple>Abel_Caballero | birthPlace | Spain</mtriple>
        <mtriple>Abel_Caballero | office | "Minister of Transport"</mtriple>
        <mtriple>Abel_Caballero | birthPlace | Galicia_(Spain)</mtriple>
      </modifiedtripleset>
      <lex comment="good" lid="Id1">Abel Caballero was born in Galicia, Spain and worked as Minister of Transport.</lex>
      <lex comment="good" lid="Id2">Abel Caballero, was born in Galicia, Spain, and worked as Minister of Transport.</lex>
      <lex comment="good" lid="Id3">Galician and Spanish born Abel Caballero, while in office, was the Minister of Transport.</lex>
    </entry>
    <entry category="Politician" eid="Id9" shape="(X (X) (X (X)))" shape_type="mixed" size="3">
      <originaltripleset>
        <otriple>Abel_Caballero | monarch | Juan_Carlos_I_of_Spain</otriple>
        <otriple>Juan_Carlos_I_of_Spain | predecessor | Francisco_Franco</otriple>
        <otriple>Abel_Caballero | birthPlace | Galicia_(Spain)</otriple>
      </originaltripleset>
      <modifiedtripleset>
        <mtriple>Abel_Caballero | inOfficeWhileMonarch | Juan_Carlos_I_of_Spain</mtriple>
        <mtriple>Juan_Carlos_I_of_Spain | predecessor | Francisco_Franco</mtriple>
        <mtriple>Abel_Caballero | birthPlace | Galicia_(Spain)</mtriple>
      </modifiedtripleset>
      <lex comment="good" lid="Id1">Abel Caballero was born in Galicia, Spain. He was in office during Monarch, Juan Carlos I of Spain's reign. Francisco Franco was Carlos' predecessor.</lex>
      <lex comment="good" lid="Id2">Born in Galicia, Spain, Abel Caballero, was in office during the reign of Monarch, Juan Carlos I of Spain, who had succeeded Francisco Franco.</lex>
      <lex comment="good" lid="Id3">Abel Caballero, born in Galicia, Spain, was in office during the reign of King Juan Carlos I of Spain. The King was preceded as leader by Francisco Franco.</lex>
    </entry>
    <entry category="Politician" eid="Id10" shape="(X (X) (X (X)))" shape_type="mixed" size="3">
      <originaltripleset>
        <otriple>Abner_W._Sibal | battles | World_War_II</otriple>
        <otriple>World_War_II | commander | Chiang_Kai-shek</otriple>
        <otriple>Abner_W._Sibal | branch | United_States_Army</otriple>
      </originaltripleset>
      <originaltripleset>
        <otriple>Abner_W._Sibal | militaryBranch | United_States_Army</otriple>
        <otriple>Abner_W._Sibal | battles | World_War_II</otriple>
        <otriple>World_War_II | commander | Chiang_Kai-shek</otriple>
      </originaltripleset>
      <modifiedtripleset>
        <mtriple>Abner_W._Sibal | battle | World_War_II</mtriple>
        <mtriple>World_War_II | commander | Chiang_Kai-shek</mtriple>
        <mtriple>Abner_W._Sibal | militaryBranch | United_States_Army</mtriple>
      </modifiedtripleset>
      <lex comment="good" lid="Id1">World War II had Chiang Kai-shek as a commander and United States Army soldier Abner W. Sibal.</lex>
      <lex comment="good" lid="Id2">Abner W. Sibal served in the United States Army during the Second World War and during that war Chiang Kai-shek was one of the commanders.</lex>
      <lex comment="good" lid="Id3">Abner W. Sibal, served in the United States Army and fought in World War II, one of the commanders of which, was Chiang Kai-shek.</lex>
    </entry>
    <entry category="Politician" eid="Id11" shape="(X (X) (X (X)))" shape_type="mixed" size="3">
      <originaltripleset>
        <otriple>Abraham_A._Ribicoff | spouse | Casey_Ribicoff</otriple>
        <otriple>Casey_Ribicoff | birthPlace | Chicago</otriple>
        <otriple>Abraham_A._Ribicoff | office | "United States Secretary of Health, Education, and Welfare"</otriple>
      </originaltripleset>
      <modifiedtripleset>
        <mtriple>Abraham_A._Ribicoff | spouse | Casey_Ribicoff</mtriple>
        <mtriple>Casey_Ribicoff | birthPlace | Chicago</mtriple>
        <mtriple>Abraham_A._Ribicoff | office | "United States Secretary of Health, Education, and Welfare"</mtriple>
      </modifiedtripleset>
      <lex comment="good" lid="Id1">Abraham A. Ribicoff once worked for the United States Secretary of Health, Education, and Welfare office and was married to Chicago-born Casey Ribicoff.</lex>
      <lex comment="good" lid="Id2">Casey Ribicoff, wife of Abraham A. Ribcoff, was born in Chicago. Mr. Ribcoff worked as the United States Secretary of Health, Education, and Welfare office.</lex>
      <lex comment="good" lid="Id3">Casey Ribicoff was born in Chicago and was married to Abraham A Ribicoff who once worked for the United States Secretary of Health, Education, and Welfare office.</lex>
    </entry>
    <entry category="Politician" eid="Id12" shape="(X (X) (X) (X))" shape_type="sibling" size="3">
      <originaltripleset>
        <otriple>Adam_Holloway | party | Conservative_Party_(UK)</otriple>
        <otriple>Adam_Holloway | birthPlace | Kent</otriple>
        <otriple>Adam_Holloway | almaMater | Magdalene_College,_Cambridge</otriple>
      </originaltripleset>
      <modifiedtripleset>
        <mtriple>Adam_Holloway | party | Conservative_Party_(UK)</mtriple>
        <mtriple>Adam_Holloway | birthPlace | Kent</mtriple>
        <mtriple>Adam_Holloway | almaMater | Magdalene_College,_Cambridge</mtriple>
      </modifiedtripleset>
      <lex comment="good" lid="Id1">Adam Holloway, a member of the UK Conservative Party, was born in Kent and graduated from Magdalene College, Cambridge.</lex>
      <lex comment="good" lid="Id2">Kent born Adam Holloway, who studied at Magdalene College Cambridge, is a member of the UK Conservative Party.</lex>
      <lex comment="good" lid="Id3">Adam Holloway was born in Kent and his alma mater is Magdalene College, Cambridge. He is a member of the Conservative Party in the UK.</lex>
    </entry>
    <entry category="Politician" eid="Id13" shape="(X (X) (X) (X))" shape_type="sibling" size="3">
      <originaltripleset>
        <otriple>Adam_Koc | battles | Polish–Soviet_War</otriple>
        <otriple>Adam_Koc | awards | Order_of_Polonia_Restituta</otriple>
        <otriple>Adam_Koc | award | Cross_of_Valour_(Poland)</otriple>
      </originaltripleset>
      <modifiedtripleset>
        <mtriple>Adam_Koc | battle | Polish–Soviet_War</mtriple>
        <mtriple>Adam_Koc | award | Order_of_Polonia_Restituta</mtriple>
        <mtriple>Adam_Koc | award | Cross_of_Valour_(Poland)</mtriple>
      </modifiedtripleset>
      <lex comment="good" lid="Id1">Adam Koc fought in battles in the Polish-Soviet War and was awarded the Order of Polonia Restituta and the Cross of Valour for Poland.</lex>
      <lex comment="good" lid="Id2">Adam Koc fought in the Polish–Soviet War. He earned two awards: the Order of Polonia Restituta and the Cross of Valour (Poland).</lex>
      <lex comment="good" lid="Id3">Having fought in the Polish–Soviet War, Adam Koc was awarded the Order of Polonia Restituta and the Cross of Valour (Poland).</lex>
    </entry>
    <entry category="Politician" eid="Id14" shape="(X (X) (X (X)))" shape_type="mixed" size="3">
      <originaltripleset>
        <otriple>Adam_Koc | battles | Polish–Soviet_War</otriple>
        <otriple>Adam_Koc | birthPlace | Congress_Poland</otriple>
        <otriple>Polish–Soviet_War | commander | Leon_Trotsky</otriple>
      </originaltripleset>
      <modifiedtripleset>
        <mtriple>Adam_Koc | battle | Polish–Soviet_War</mtriple>
        <mtriple>Adam_Koc | birthPlace | Congress_Poland</mtriple>
        <mtriple>Polish–Soviet_War | commander | Leon_Trotsky</mtriple>
      </modifiedtripleset>
      <lex comment="good" lid="Id1">Adam Koc, who was born in Congress in Poland, fought in the Polish-Soviet War in which Leon Trotsky was a commander.</lex>
      <lex comment="good" lid="Id2">Leon Trotsky was a commander in the Polish-Soviet war in which Adam Koc was also involved. Koc was born in Congress, Poland.</lex>
    </entry>
    <entry category="Politician" eid="Id15" shape="(X (X) (X) (X))" shape_type="sibling" size="3">
      <originaltripleset>
        <otriple>Adonis_Georgiadis | office | "Minister for Health"</otriple>
        <otriple>Adonis_Georgiadis | birthPlace | Athens</otriple>
        <otriple>Adonis_Georgiadis | placeOfBirth | Greece</otriple>
      </originaltripleset>
      <originaltripleset>
        <otriple>Adonis_Georgiadis | birthPlace | Greece</otriple>
        <otriple>Adonis_Georgiadis | office | "Minister for Health"</otriple>
        <otriple>Adonis_Georgiadis | placeOfBirth | Athens</otriple>
      </originaltripleset>
      <modifiedtripleset>
        <mtriple>Adonis_Georgiadis | birthPlace | Greece</mtriple>
        <mtriple>Adonis_Georgiadis | office | "Minister for Health"</mtriple>
        <mtriple>Adonis_Georgiadis | birthPlace | Athens</mtriple>
      </modifiedtripleset>
      <lex comment="good" lid="Id1">Adonis Georgiadis was born in Athens (Greece), and worked as Minister for Health.</lex>
      <lex comment="good" lid="Id2">Adonis Georgiadis, born in Athens, Greece, worked as the Minister for Health.</lex>
      <lex comment="good" lid="Id3">Adonis Georgiadis, born Athens (Greece), held office as the Minister for Health.</lex>
    </entry>
    <entry category="Politician" eid="Id16" shape="(X (X) (X) (X))" shape_type="sibling" size="3">
      <originaltripleset>
        <otriple>Agnes_Kant | almaMater | Radboud_University_Nijmegen</otriple>
        <otriple>Agnes_Kant | birthPlace | West_Germany</otriple>
        <otriple>Agnes_Kant | office | Socialist_Party_(Netherlands)</otriple>
      </originaltripleset>
      <modifiedtripleset>
        <mtriple>Agnes_Kant | almaMater | Radboud_University_Nijmegen</mtriple>
        <mtriple>Agnes_Kant | birthPlace | West_Germany</mtriple>
        <mtriple>Agnes_Kant | office | Socialist_Party_(Netherlands)</mtriple>
      </modifiedtripleset>
      <lex comment="good" lid="Id1">Born in West Germany, Agnes Kant worked at the Socialist Party in the Netherlands, and her alma mater is the Radboud University Nijmegen.</lex>
      <lex comment="good" lid="Id2">Agnes Kant, who was born in West Germany, attended Radboud University in Nijmegen and later worked with the Socialist Party in Netherlands.</lex>
      <lex comment="good" lid="Id3">West Germany born Agnes Kant, a leader of Netherlands's Socialist Party, attended Radboud University Nijmegen.</lex>
    </entry>
    <entry category="Politician" eid="Id17" shape="(X (X) (X) (X))" shape_type="sibling" size="3">
      <originaltripleset>
        <otriple>Agnes_Kant | birthPlace | Hessisch_Oldendorf</otriple>
        <otriple>Agnes_Kant | almaMater | "Radboud University Nijmegen"@en</otriple>
        <otriple>Agnes_Kant | office | "House of Representatives (Netherlands)"@en</otriple>
      </originaltripleset>
      <modifiedtripleset>
        <mtriple>Agnes_Kant | birthPlace | Hessisch_Oldendorf</mtriple>
        <mtriple>Agnes_Kant | almaMater | Radboud_University_Nijmegen</mtriple>
        <mtriple>Agnes_Kant | office | House_of_Representatives_(Netherlands)</mtriple>
      </modifiedtripleset>
      <lex comment="good" lid="Id1">Agnes Kant; was born in Hessisch Oldendorf, worked at the House of Representatives in Netherlands, and her alma mater is the Radboud University Nijmegen.</lex>
      <lex comment="good" lid="Id2">Agnes Kant; was born in Hessisch Oldendorf, worked at the House of Representatives in the Netherlands, and her alma mater is the Radboud University Nijmegen.</lex>
      <lex comment="good" lid="Id3">Agnes Kant was born in Hessisch Oldendorf and attended Radboud University Nijmegen. He worked at the House of Representatives in Netherlands.</lex>
    </entry>
    <entry category="Politician" eid="Id18" shape="(X (X) (X (X)))" shape_type="mixed" size="3">
      <originaltripleset>
        <otriple>Agnes_Kant | nationality | Netherlands</otriple>
        <otriple>Netherlands | leader | Mark_Rutte</otriple>
        <otriple>Agnes_Kant | office | House_of_Representatives_(Netherlands)</otriple>
      </originaltripleset>
      <originaltripleset>
        <otriple>Agnes_Kant | nationality | Netherlands</otriple>
        <otriple>Netherlands | leader | Mark_Rutte</otriple>
        <otriple>Agnes_Kant | office | "House of Representatives (Netherlands)"@en</otriple>
      </originaltripleset>
      <modifiedtripleset>
        <mtriple>Agnes_Kant | nationality | Netherlands</mtriple>
        <mtriple>Netherlands | leader | Mark_Rutte</mtriple>
        <mtriple>Agnes_Kant | office | House_of_Representatives_(Netherlands)</mtriple>
      </modifiedtripleset>
      <lex comment="good" lid="Id1">Agnes Kant's nationality is the Netherlands. He worked at the House of Representatives there. Mark Rutte is a leader in the Netherlands.</lex>
      <lex comment="good" lid="Id2">Agnes Kant is a national of the Netherlands and worked at the House of Representatives, where the leader is Mark Rutte.</lex>
      <lex comment="good" lid="Id3">Agnes Kant worked at the House of Representatives in Netherlands, where she is from, and whose leader is Mark Rutte.</lex>
    </entry>
    <entry category="Politician" eid="Id19" shape="(X (X) (X) (X))" shape_type="sibling" size="3">
      <originaltripleset>
        <otriple>Airey_Neave | battles | Battle_of_France</otriple>
        <otriple>Airey_Neave | activeYearsEndDate | "1979-03-30"^^xsd:date</otriple>
        <otriple>Airey_Neave | award | Order_of_the_British_Empire</otriple>
      </originaltripleset>
      <modifiedtripleset>
        <mtriple>Airey_Neave | battle | Battle_of_France</mtriple>
        <mtriple>Airey_Neave | activeYearsEndDate | 1979-03-30</mtriple>
        <mtriple>Airey_Neave | award | Order_of_the_British_Empire</mtriple>
      </modifiedtripleset>
      <lex comment="good" lid="Id1">Airey Neave, who was involved in the Battle of France, was awarded the Order of the British Empire and ended his career on 30th March 1979.</lex>
      <lex comment="good" lid="Id2">Airey Neave, who ended his career on 30 March 1979 participated in the Battle of France and was awarded the Order of the British Empire.</lex>
      <lex comment="good" lid="Id3">Airey Neave OBE, fought in the Battle of France and ended his career on 30th March 1979.</lex>
    </entry>
    <entry category="Politician" eid="Id20" shape="(X (X) (X) (X))" shape_type="sibling" size="3">
      <originaltripleset>
        <otriple>Airey_Neave | battles | Battle_of_France</otriple>
        <otriple>Airey_Neave | activeYearsStartDate | "1974-03-04"^^xsd:date</otriple>
        <otriple>Airey_Neave | activeYearsEndDate | "1979-03-30"^^xsd:date</otriple>
      </originaltripleset>
      <modifiedtripleset>
        <mtriple>Airey_Neave | battle | Battle_of_France</mtriple>
        <mtriple>Airey_Neave | activeYearsStartDate | 1974-03-04</mtriple>
        <mtriple>Airey_Neave | activeYearsEndDate | 1979-03-30</mtriple>
      </modifiedtripleset>
      <lex comment="good" lid="Id1">Airey Neave, who was involved in the Battle of France had a career between 4 March 1974 and 30 March 1979.</lex>
      <lex comment="good" lid="Id2">Airey Neave fought in the Battle of France and began his political career on March 4th 1974 and ended his life in politics on March 30th, 1979.</lex>
      <lex comment="good" lid="Id3">Airey Neave; began his career on March 4th 1974, fought in the Battle of France, and ended his career on 30th March 1979.</lex>
    </entry>
    <entry category="Politician" eid="Id21" shape="(X (X) (X) (X))" shape_type="sibling" size="3">
      <originaltripleset>
        <otriple>Airey_Neave | battles | World_War_II</otriple>
        <otriple>Airey_Neave | award | Military_Cross</otriple>
        <otriple>Airey_Neave | activeYearsEndDate | "1979-03-30"^^xsd:date</otriple>
      </originaltripleset>
      <modifiedtripleset>
        <mtriple>Airey_Neave | battle | World_War_II</mtriple>
        <mtriple>Airey_Neave | award | Military_Cross</mtriple>
        <mtriple>Airey_Neave | activeYearsEndDate | 1979-03-30</mtriple>
      </modifiedtripleset>
      <lex comment="good" lid="Id1">Airey Neave fought in World War II and was awarded the Military Cross before ending his career on 30 March 1979.</lex>
      <lex comment="good" lid="Id2">Airey Neave served in World Ward II and retired on 30th Match 1979. He was awarded the Military Cross.</lex>
      <lex comment="good" lid="Id3">Airey Neave was awarded the Military Cross whilst serving in world war 2, he retired on 30th March 1979.</lex>
    </entry>
    <entry category="Politician" eid="Id22" shape="(X (X) (X) (X))" shape_type="sibling" size="3">
      <originaltripleset>
        <otriple>Albert_Jennings_Fountain | deathPlace | New_Mexico_Territory</otriple>
        <otriple>Albert_Jennings_Fountain | birthPlace | United_States</otriple>
        <otriple>Albert_Jennings_Fountain | placeOfBirth | Staten_Island</otriple>
      </originaltripleset>
      <modifiedtripleset>
        <mtriple>Albert_Jennings_Fountain | deathPlace | New_Mexico_Territory</mtriple>
        <mtriple>Albert_Jennings_Fountain | birthPlace | United_States</mtriple>
        <mtriple>Albert_Jennings_Fountain | birthPlace | Staten_Island</mtriple>
      </modifiedtripleset>
      <lex comment="good" lid="Id1">Albert Jennings Fountain was born in Staten Island, United States, and died in New Mexico Territory.</lex>
      <lex comment="good" lid="Id2">Born in Staten Island, United States, Albert Jennings Fountain died in the New Mexico Territory.</lex>
      <lex comment="good" lid="Id3">Albert Jennings Fountain's place of death was in the New Mexico Territory, but he was born in Staten Island, New York.</lex>
    </entry>
    <entry category="Politician" eid="Id23" shape="(X (X) (X) (X))" shape_type="sibling" size="3">
      <originaltripleset>
        <otriple>Alfons_Gorbach | deathPlace | Graz</otriple>
        <otriple>Alfons_Gorbach | birthPlace | County_of_Tyrol</otriple>
        <otriple>Alfons_Gorbach | placeOfBirth | Imst</otriple>
      </originaltripleset>
      <modifiedtripleset>
        <mtriple>Alfons_Gorbach | deathPlace | Graz</mtriple>
        <mtriple>Alfons_Gorbach | birthPlace | County_of_Tyrol</mtriple>
        <mtriple>Alfons_Gorbach | birthPlace | Imst</mtriple>
      </modifiedtripleset>
      <lex comment="good" lid="Id1">Alfons Gorbach was born in Imst in the County of Tyrol and died in Graz.</lex>
      <lex comment="good" lid="Id2">Alfons Gorbach was born in Imst, in the County of Tyrol and died in Graz.</lex>
      <lex comment="good" lid="Id3">Alfons Gorbach was born in Imst (in the County of Tyrol) and died in Graz.</lex>
    </entry>
    <entry category="Politician" eid="Id24" shape="(X (X) (X) (X))" shape_type="sibling" size="3">
      <originaltripleset>
        <otriple>Alfons_Gorbach | deathPlace | Graz</otriple>
        <otriple>Alfons_Gorbach | birthPlace | Tyrol_(state)</otriple>
        <otriple>Alfons_Gorbach | placeOfBirth | Imst</otriple>
      </originaltripleset>
      <originaltripleset>
        <otriple>Alfons_Gorbach | deathPlace | Graz</otriple>
        <otriple>Alfons_Gorbach | birthPlace | Imst</otriple>
        <otriple>Alfons_Gorbach | placeOfBirth | Tyrol_(state)</otriple>
      </originaltripleset>
      <modifiedtripleset>
        <mtriple>Alfons_Gorbach | deathPlace | Graz</mtriple>
        <mtriple>Alfons_Gorbach | birthPlace | Tyrol_(state)</mtriple>
        <mtriple>Alfons_Gorbach | birthPlace | Imst</mtriple>
      </modifiedtripleset>
      <lex comment="good" lid="Id1">Imst, in the County of Tyrol, was the birthplace of Alfons Gorbach, who died in Graz.</lex>
      <lex comment="good" lid="Id2">Alfons Gorbach was born in Imst, County of Tyrol and died in Graz.</lex>
      <lex comment="good" lid="Id3">Alfons Gorbach was born in Imst in the state of Tyrol and he passed away in Graz.</lex>
    </entry>
    <entry category="Politician" eid="Id25" shape="(X (X) (X) (X))" shape_type="sibling" size="3">
      <originaltripleset>
        <otriple>Allan_Shivers | party | Democratic_Party_(United_States)</otriple>
        <otriple>Allan_Shivers | successor | Price_Daniel</otriple>
        <otriple>Allan_Shivers | office | "Member of the Texas State Senate from District 4"@en</otriple>
      </originaltripleset>
      <originaltripleset>
        <otriple>Allan_Shivers | office | "Member of theTexas State SenatefromDistrict 4(Port Arthur)"</otriple>
        <otriple>Allan_Shivers | party | Democratic_Party_(United_States)</otriple>
        <otriple>Allan_Shivers | successor | Price_Daniel</otriple>
      </originaltripleset>
      <modifiedtripleset>
        <mtriple>Allan_Shivers | party | Democratic_Party_(United_States)</mtriple>
        <mtriple>Allan_Shivers | successor | Price_Daniel</mtriple>
        <mtriple>Allan_Shivers | office | "Member of the Texas State Senate from District 4 (Port Arthur)"</mtriple>
      </modifiedtripleset>
      <lex comment="good" lid="Id1">Allan Shivers, who worked as a member of the Texas State Senate from District 4 (Port Arthur), served in the Democratic Party in the US, where he was succeeded by Price Daniel.</lex>
      <lex comment="good" lid="Id2">Allan Shivers, a member of the Democratic Party in the United States, worked as a member of the Texas State Senate from District 4 (Port Arthur) and was succeeded by Price Daniel.</lex>
      <lex comment="good" lid="Id3">Democratic, Texas State Senate District 4 for Port Arthur member Allan Shivers was succeeded by Price Daniel.</lex>
    </entry>
    <entry category="Politician" eid="Id26" shape="(X (X) (X) (X))" shape_type="sibling" size="3">
      <originaltripleset>
        <otriple>Alvah_Sabin | office | "Secretary of State of Vermont"</otriple>
        <otriple>Alvah_Sabin | birthPlace | Georgia,_Vermont</otriple>
        <otriple>Alvah_Sabin | birthDate | "1793-10-23"^^xsd:date</otriple>
      </originaltripleset>
      <originaltripleset>
        <otriple>Alvah_Sabin | birthPlace | Georgia,_Vermont</otriple>
        <otriple>Alvah_Sabin | birthDate | "1793-10-23"^^xsd:date</otriple>
        <otriple>Alvah_Sabin | office | Secretary_of_State_of_Vermont</otriple>
      </originaltripleset>
      <modifiedtripleset>
        <mtriple>Alvah_Sabin | birthPlace | Georgia,_Vermont</mtriple>
        <mtriple>Alvah_Sabin | birthDate | 1793-10-23</mtriple>
        <mtriple>Alvah_Sabin | office | Secretary_of_State_of_Vermont</mtriple>
      </modifiedtripleset>
      <lex comment="good" lid="Id1">Alvah Sabin, who was born on 23rd October 1793, in Georgia, Vermont, worked as the secretary of the State of Vermont.</lex>
      <lex comment="good" lid="Id2">Alvah Sabin was born on 23 October 1793 in Georgia, Vermont and later worked as the Secretary of State of Vermont.</lex>
      <lex comment="good" lid="Id3">Alvah Sabin, secretary of the State of Vermont, was born on October 23, 1793 in Georgia, Vermont.</lex>
    </entry>
    <entry category="Politician" eid="Id27" shape="(X (X) (X (X)))" shape_type="mixed" size="3">
      <originaltripleset>
        <otriple>Alvah_Sabin | party | Whig_Party_(United_States)</otriple>
        <otriple>Whig_Party_(United_States) | leader | Daniel_Webster</otriple>
        <otriple>Alvah_Sabin | birthPlace | Georgia,_Vermont</otriple>
      </originaltripleset>
      <modifiedtripleset>
        <mtriple>Alvah_Sabin | party | Whig_Party_(United_States)</mtriple>
        <mtriple>Whig_Party_(United_States) | leader | Daniel_Webster</mtriple>
        <mtriple>Alvah_Sabin | birthPlace | Georgia,_Vermont</mtriple>
      </modifiedtripleset>
      <lex comment="good" lid="Id1">Born in Georgia, Vermont, Alvah Sabin, was a member of the Whig Party of the United States. Daniel Webster is the leader of the Whig Party in the United States.</lex>
      <lex comment="good" lid="Id2">Alvah Sabin was born in Georgia Vermont and became a member of the Whig Party of the United States which is led by Daniel Webster.</lex>
      <lex comment="good" lid="Id3">Alvah Sabin was born in Georgia, Vermont and belongs to the United States Whig party which is led by Daniel Webster.</lex>
    </entry>
    <entry category="Politician" eid="Id28" shape="(X (X (X (X))))" shape_type="chain" size="3">
      <originaltripleset>
        <otriple>American_Civil_War | commander | Abraham_Lincoln</otriple>
        <otriple>Alfred_Moore_Scales | battles | Battle_of_Fredericksburg</otriple>
        <otriple>Battle_of_Fredericksburg | isPartOfMilitaryConflict | American_Civil_War</otriple>
      </originaltripleset>
      <modifiedtripleset>
        <mtriple>American_Civil_War | commander | Abraham_Lincoln</mtriple>
        <mtriple>Alfred_Moore_Scales | battle | Battle_of_Fredericksburg</mtriple>
        <mtriple>Battle_of_Fredericksburg | isPartOfMilitaryConflict | American_Civil_War</mtriple>
      </modifiedtripleset>
      <lex comment="good" lid="Id1">Abraham Lincoln was a commander in the American Civil War. Alfred Moore Scales fought in the Battle of Fredericksburg during the American Civil War.</lex>
      <lex comment="good" lid="Id2">Alfred Moore Scales fought in battles such as the Battle of Fredericksburg, part of the American Civil War military conflict, during which Abraham Lincoln was a commander.</lex>
      <lex comment="good" lid="Id3">Alfred Moore Scales fought in the Battle of Fredericksburg, part of the American Civil War in which Abraham Lincoln was a commander.</lex>
    </entry>
    <entry category="Politician" eid="Id29" shape="(X (X) (X (X)))" shape_type="mixed" size="3">
      <originaltripleset>
        <otriple>Austria | leaderName | Doris_Bures</otriple>
        <otriple>Alfons_Gorbach | birthPlace | Austria-Hungary</otriple>
        <otriple>Alfons_Gorbach | deathPlace | Austria</otriple>
      </originaltripleset>
      <modifiedtripleset>
        <mtriple>Austria | leader | Doris_Bures</mtriple>
        <mtriple>Alfons_Gorbach | birthPlace | Austria-Hungary</mtriple>
        <mtriple>Alfons_Gorbach | deathPlace | Austria</mtriple>
      </modifiedtripleset>
      <lex comment="good" lid="Id1">Alfons Gorbach was born in Austria-Hungary and died in Austria, the leader of which, is Doris Bures.</lex>
      <lex comment="good" lid="Id2">Alfons Gorbach was born in Austria-Hungary and died in Austria, the country where Doris Bures is a leader.</lex>
      <lex comment="good" lid="Id3">Alfons Gorbach was born in Austria-Hungary and died in Austria (led by Doris Bures).</lex>
    </entry>
    <entry category="Politician" eid="Id30" shape="(X (X) (X (X)))" shape_type="mixed" size="3">
      <originaltripleset>
        <otriple>Austria | leaderName | Doris_Bures</otriple>
        <otriple>Alfons_Gorbach | birthPlace | Imst</otriple>
        <otriple>Alfons_Gorbach | deathPlace | Austria</otriple>
      </originaltripleset>
      <modifiedtripleset>
        <mtriple>Austria | leader | Doris_Bures</mtriple>
        <mtriple>Alfons_Gorbach | birthPlace | Imst</mtriple>
        <mtriple>Alfons_Gorbach | deathPlace | Austria</mtriple>
      </modifiedtripleset>
      <lex comment="good" lid="Id1">Alfons Gorbach was born in Imst and died in Austria, where Doris Bures is a leader.</lex>
      <lex comment="good" lid="Id2">Alfons Gorbach was born in Imst and died in Austria, where the leader is Doris Bures.</lex>
      <lex comment="good" lid="Id3">Alfons Gorbach was born in Imst and later died in Austria where Doris Bures is the leader.</lex>
    </entry>
    <entry category="Politician" eid="Id31" shape="(X (X (X (X))))" shape_type="chain" size="3">
      <originaltripleset>
        <otriple>Battle_of_Cold_Harbor | isPartOfMilitaryConflict | American_Civil_War</otriple>
        <otriple>Aaron_S._Daggett | battles | Battle_of_Cold_Harbor</otriple>
        <otriple>American_Civil_War | commander | Robert_E._Lee</otriple>
      </originaltripleset>
      <modifiedtripleset>
        <mtriple>Battle_of_Cold_Harbor | isPartOfMilitaryConflict | American_Civil_War</mtriple>
        <mtriple>Aaron_S._Daggett | battle | Battle_of_Cold_Harbor</mtriple>
        <mtriple>American_Civil_War | commander | Robert_E._Lee</mtriple>
      </modifiedtripleset>
      <lex comment="good" lid="Id1">Robert E Lee was a commander in the American Civil War when the Battle of Cold Harbor took place. Aaron S Daggett fought in this battle.</lex>
      <lex comment="good" lid="Id2">Aaron S. Daggett battled in the Battle of Cold Harbour which took place during the American Civil War. Robert E. Lee was a commander in the American Civil War.</lex>
      <lex comment="good" lid="Id3">Aaron S. Daggett fought in the American Civil War, Battle of Cold Harbour. Robert E Lee was a Civil War commander.</lex>
    </entry>
    <entry category="Politician" eid="Id32" shape="(X (X (X) (X)))" shape_type="mixed" size="3">
      <originaltripleset>
        <otriple>Poland | language | Polish_language</otriple>
        <otriple>Adam_Koc | nationality | Poland</otriple>
        <otriple>Poland | ethnicGroup | Kashubians</otriple>
      </originaltripleset>
      <modifiedtripleset>
        <mtriple>Poland | language | Polish_language</mtriple>
        <mtriple>Adam_Koc | nationality | Poland</mtriple>
        <mtriple>Poland | ethnicGroup | Kashubians</mtriple>
      </modifiedtripleset>
      <lex comment="good" lid="Id1">Adam Koc is from Poland, where Polish is spoken and where Kashubians are an ethnic group.</lex>
      <lex comment="good" lid="Id2">The Polish language is used in Poland, where Adam koc was from. Poland has an ethnic group called Kashubians.</lex>
    </entry>
  </entries>
</benchmark>
