<?xml version='1.0' encoding='utf-8'?>
<benchmark>
  <entries>
    <entry category="University" eid="Id1" shape="(X (X) (X) (X))" shape_type="sibling" size="3">
      <originaltripleset>
        <otriple>Accademia_di_Architettura_di_Mendrisio | country | Switzerland</otriple>
        <otriple>Accademia_di_Architettura_di_Mendrisio | dean | Mario_Botta</otriple>
        <otriple>Accademia_di_Architettura_di_Mendrisio | numberOfStudents | "600"^^xsd:nonNegativeInteger</otriple>
      </originaltripleset>
      <modifiedtripleset>
        <mtriple>Accademia_di_Architettura_di_Mendrisio | country | Switzerland</mtriple>
        <mtriple>Accademia_di_Architettura_di_Mendrisio | dean | Mario_Botta</mtriple>
        <mtriple>Accademia_di_Architettura_di_Mendrisio | numberOfStudents | 600</mtriple>
      </modifiedtripleset>
      <lex comment="good" lid="Id1">The Accademia di Architettura di Mendrisio is in Switzerland. Its dean is Mario Botta and it has 600 students.</lex>
      <lex comment="good" lid="Id2">The Accademia di Architettura di Mendrisio of Switzerland has 600 students and the dean is called Mario Botta.</lex>
    </entry>
    <entry category="University" eid="Id2" shape="(X (X) (X) (X))" shape_type="sibling" size="3">
      <originaltripleset>
        <otriple>Acharya_Institute_of_Technology | city | Bangalore</otriple>
        <otriple>Acharya_Institute_of_Technology | motto | "Nurturing Excellence"@en</otriple>
        <otriple>Acharya_Institute_of_Technology | country | "India"@en</otriple>
      </originaltripleset>
      <modifiedtripleset>
        <mtriple>Acharya_Institute_of_Technology | city | Bangalore</mtriple>
        <mtriple>Acharya_Institute_of_Technology | motto | "Nurturing Excellence"</mtriple>
        <mtriple>Acharya_Institute_of_Technology | country | "India"</mtriple>
      </modifiedtripleset>
      <lex comment="good" lid="Id1">The Acharya Institute of Technology is located in Bangalore, India and its motto is: "Nurturing Excellence".</lex>
      <lex comment="good" lid="Id2">The Acharya Institute of Technology in Bangalore, India has the motto "Nurturing Excellence".</lex>
      <lex comment="good" lid="Id3">Acharya Institute of Technology is in Bangalore, India and its motto is"Nurturing Excellence".</lex>
    </entry>
    <entry category="University" eid="Id3" shape="(X (X) (X) (X))" shape_type="sibling" size="3">
      <originaltripleset>
        <otriple>Acharya_Institute_of_Technology | president | "B.M. Reddy"@en</otriple>
        <otriple>Acharya_Institute_of_Technology | city | Bangalore</otriple>
        <otriple>Acharya_Institute_of_Technology | country | "India"@en</otriple>
      </originaltripleset>
      <modifiedtripleset>
        <mtriple>Acharya_Institute_of_Technology | president | "B.M. Reddy"</mtriple>
        <mtriple>Acharya_Institute_of_Technology | city | Bangalore</mtriple>
        <mtriple>Acharya_Institute_of_Technology | country | "India"</mtriple>
      </modifiedtripleset>
      <lex comment="good" lid="Id1">B.M. Reddy is the president of the Acharya Institute of Technology, which is located in Bangalore, India.</lex>
      <lex comment="good" lid="Id2">The Acharya Institute of Technology is in Bangalore, India. Its president is B.M. Reddy.</lex>
      <lex comment="good" lid="Id3">The Acharya Institute of Technology (Bangalore, India) has B. M. Reddy as its president.</lex>
    </entry>
    <entry category="University" eid="Id4" shape="(X (X) (X (X)))" shape_type="mixed" size="3">
      <originaltripleset>
        <otriple>Acharya_Institute_of_Technology | sport | Tennis</otriple>
        <otriple>Acharya_Institute_of_Technology | established | 2000</otriple>
        <otriple>Tennis | union | International_Tennis_Federation</otriple>
      </originaltripleset>
      <modifiedtripleset>
        <mtriple>Acharya_Institute_of_Technology | sportsOffered | Tennis</mtriple>
        <mtriple>Acharya_Institute_of_Technology | established | 2000</mtriple>
        <mtriple>Tennis | sportGoverningBody | International_Tennis_Federation</mtriple>
      </modifiedtripleset>
      <lex comment="good" lid="Id1">The Acharya Institute of Technology offers tennis and it was established in 2000. The tennis governing body is the International Tennis Federation.</lex>
      <lex comment="good" lid="Id2">The International Tennis Federation is the governing body for the sport which is offered at the Acharya Institute of Technology which was established in 2000.</lex>
    </entry>
    <entry category="University" eid="Id5" shape="(X (X (X) (X)))" shape_type="mixed" size="3">
      <originaltripleset>
        <otriple>India | largestCity | Mumbai</otriple>
        <otriple>AWH_Engineering_College | country | India</otriple>
        <otriple>India | river | Ganges</otriple>
      </originaltripleset>
      <modifiedtripleset>
        <mtriple>India | largestCity | Mumbai</mtriple>
        <mtriple>AWH_Engineering_College | country | India</mtriple>
        <mtriple>India | river | Ganges</mtriple>
      </modifiedtripleset>
      <lex comment="good" lid="Id1">AWH Engineering College is in India. Mumbai is the largest city in India. The river Ganges runs through India.</lex>
      <lex comment="good" lid="Id2">AWH Engineering College is located in the country of India, whose capital city is Mumbai. One of the rivers in India is called the Ganges.</lex>
    </entry>
    <entry category="University" eid="Id6" shape="(X (X (X) (X)))" shape_type="mixed" size="3">
      <originaltripleset>
        <otriple>Romania | leaderTitle | Prime_Minister_of_Romania</otriple>
        <otriple>Romania | leaderName | Klaus_Iohannis</otriple>
        <otriple>1_Decembrie_1918_University,_Alba_Iulia | country | Romania</otriple>
      </originaltripleset>
      <originaltripleset>
        <otriple>Romania | leader | Klaus_Iohannis</otriple>
        <otriple>Romania | leaderTitle | Prime_Minister_of_Romania</otriple>
        <otriple>1_Decembrie_1918_University,_Alba_Iulia | country | Romania</otriple>
      </originaltripleset>
      <modifiedtripleset>
        <mtriple>Romania | leaderTitle | Prime_Minister_of_Romania</mtriple>
        <mtriple>Romania | leader | Klaus_Iohannis</mtriple>
        <mtriple>1_Decembrie_1918_University | country | Romania</mtriple>
      </modifiedtripleset>
      <lex comment="good" lid="Id1">The leader of Romania is Prime Minister Klaus Iohannis. The 1 Decembrie 1918 University is in Romania.</lex>
      <lex comment="good" lid="Id2">The Prime Minister of Romania is Klaus Iohannis. The 1 Decembrie 1918 University is situated in Romania.</lex>
      <lex comment="good" lid="Id3">1 Decembrie 1918 University is located in Romania. The country's Prime Minister is Klaus Iohannis.</lex>
    </entry>
    <entry category="University" eid="Id7" shape="(X (X) (X (X)))" shape_type="mixed" size="3">
      <originaltripleset>
        <otriple>Romania | patronSaint | Andrew_the_Apostle</otriple>
        <otriple>1_Decembrie_1918_University,_Alba_Iulia | latinName | "Universitas Apulensis"@en</otriple>
        <otriple>1_Decembrie_1918_University,_Alba_Iulia | country | Romania</otriple>
      </originaltripleset>
      <modifiedtripleset>
        <mtriple>Romania | patronSaint | Andrew_the_Apostle</mtriple>
        <mtriple>1_Decembrie_1918_University | latinName | "Universitas Apulensis"</mtriple>
        <mtriple>1_Decembrie_1918_University | country | Romania</mtriple>
      </modifiedtripleset>
      <lex comment="good" lid="Id1">1 Decembrie 1918 University is located in Romania. Its Latin name is "Universitas Apulensis". The patron saint of Romania is Andrew the Apostle.</lex>
      <lex comment="good" lid="Id2">Universitas Apulensis is the latin name of the 1 Decembrie 1918 University in Romania. The patron saint of the country is Andrew the Apostle.</lex>
      <lex comment="good" lid="Id3">The 1 Decembrie 1918 University has the Latin name, Universitas Apulensis. It is situated in Romania, which has the patron Saint Andrew the Apostle.</lex>
    </entry>
    <entry category="University" eid="Id8" shape="(X (X) (X) (X))" shape_type="sibling" size="3">
      <originaltripleset>
        <otriple>Aarhus_University,_School_of_Business_and_Social_Sciences | faculty | 737</otriple>
        <otriple>Aarhus_University,_School_of_Business_and_Social_Sciences | students | 16000</otriple>
        <otriple>Aarhus_University,_School_of_Business_and_Social_Sciences | established | 1928</otriple>
      </originaltripleset>
      <originaltripleset>
        <otriple>Aarhus_University,_School_of_Business_and_Social_Sciences | numberOfStudents | "16000"^^xsd:nonNegativeInteger</otriple>
        <otriple>Aarhus_University,_School_of_Business_and_Social_Sciences | facultySize | "737"^^xsd:nonNegativeInteger</otriple>
        <otriple>Aarhus_University,_School_of_Business_and_Social_Sciences | established | 1928</otriple>
      </originaltripleset>
      <modifiedtripleset>
        <mtriple>School of Business and Social Sciences at the Aarhus University | academicStaffSize | 737</mtriple>
        <mtriple>School of Business and Social Sciences at the Aarhus University | numberOfStudents | 16000</mtriple>
        <mtriple>School of Business and Social Sciences at the Aarhus University | established | 1928</mtriple>
      </modifiedtripleset>
      <lex comment="good" lid="Id1">The School of Business and Social Sciences at the Aarhus University was established in 1928. It has 737 academic staff and 16,000 students.</lex>
      <lex comment="good" lid="Id2">The School of Business and Social Sciences at Aarhus University was established in 1928. It has 16000 students and an academic staff of 737.</lex>
      <lex comment="good" lid="Id3">The School of Business and Social Sciences at the Aarhus University was established in 1928 and currently has a staff of 737 and a student population of 16000.</lex>
    </entry>
  </entries>
</benchmark>
