<?xml version='1.0' encoding='utf-8'?>
<benchmark>
  <entries>
    <entry category="Astronaut" eid="Id1" shape="(X (X) (X) (X) (X))" shape_type="sibling" size="4">
      <originaltripleset>
        <otriple>Alan_Bean | almaMater | "UT Austin, B.S. 1955"@en</otriple>
        <otriple>Alan_Bean | mission | Apollo_12</otriple>
        <otriple>Alan_Bean | birthPlace | Wheeler,_Texas</otriple>
        <otriple>Alan_Bean | selection | 1963</otriple>
      </originaltripleset>
      <modifiedtripleset>
        <mtriple>Alan_Bean | almaMater | "UT Austin, B.S. 1955"</mtriple>
        <mtriple>Alan_Bean | was a crew member of | Apollo_12</mtriple>
        <mtriple>Alan_Bean | birthPlace | Wheeler,_Texas</mtriple>
        <mtriple>Alan_Bean | was selected by NASA | 1963</mtriple>
      </modifiedtripleset>
      <lex comment="good" lid="Id1">Alan Bean, who was born in Wheeler, Texas, graduated from the University of Texas with a B.S. in 1955 and in 1963 NASA picked him as part of the Apollo 12 space program.</lex>
      <lex comment="good" lid="Id2">Alan Bean was born in Wheeler, Texas. He attended the University of Texas in Austin and obtained a B.S. in 1955. He was selected by NASA in 1963 and was a crew member on Apollo 12.</lex>
      <lex comment="good" lid="Id3">Alan Bean who was born in 1963 in Wheeler, Texas, graduated in 1955 from the University of Texas with a B.S. and went on to become a crew member of Apollo 12.</lex>
    </entry>
    <entry category="Astronaut" eid="Id2" shape="(X (X) (X) (X) (X))" shape_type="sibling" size="4">
      <originaltripleset>
        <otriple>Alan_Bean | birthDate | "1932-03-15"^^xsd:date</otriple>
        <otriple>Alan_Bean | mission | Apollo_12</otriple>
        <otriple>Alan_Bean | birthPlace | Wheeler,_Texas</otriple>
        <otriple>Alan_Bean | status | "Retired"@en</otriple>
      </originaltripleset>
      <modifiedtripleset>
        <mtriple>Alan_Bean | birthDate | "1932-03-15"</mtriple>
        <mtriple>Alan_Bean | was a crew member of | Apollo_12</mtriple>
        <mtriple>Alan_Bean | birthPlace | Wheeler,_Texas</mtriple>
        <mtriple>Alan_Bean | status | "Retired"</mtriple>
      </modifiedtripleset>
      <lex comment="good" lid="Id1">Alan Bean, who was part of Apollo 12, was born in Wheeler, Texas on March 15th, 1932 and is now retired.</lex>
      <lex comment="good" lid="Id2">Alan Bean, who was a crew member on Apollo 12, was born 1932.03.15 in Wheeler Texas has now retired .</lex>
    </entry>
    <entry category="Astronaut" eid="Id3" shape="(X (X) (X) (X) (X))" shape_type="sibling" size="4">
      <originaltripleset>
        <otriple>Alan_Bean | nationality | United_States</otriple>
        <otriple>Alan_Bean | almaMater | "UT Austin, B.S. 1955"@en</otriple>
        <otriple>Alan_Bean | mission | Apollo_12</otriple>
        <otriple>Alan_Bean | status | "Retired"@en</otriple>
      </originaltripleset>
      <modifiedtripleset>
        <mtriple>Alan_Bean | nationality | United_States</mtriple>
        <mtriple>Alan_Bean | almaMater | "UT Austin, B.S. 1955"</mtriple>
        <mtriple>Alan_Bean | was a crew member of | Apollo_12</mtriple>
        <mtriple>Alan_Bean | status | "Retired"</mtriple>
      </modifiedtripleset>
      <lex comment="good" lid="Id1">Alan Bean is a citizen of the United States and graduated from UT Austin in 1955 with a B.Sc. He was a crew member of Apollo 12 and is currently retired.</lex>
      <lex comment="good" lid="Id2">Alan Bean, who has now retired, is a United States citizen who graduated from UT Austin, BS in 1955 and served as a crew member of Apollo 12.</lex>
      <lex comment="good" lid="Id3">Alan Bean was a United States national. His Alma mater was UT Austin and he graduated with a B.S. in 1955. He was a crew member of Apollo 12. He is now retired.</lex>
    </entry>
    <entry category="Astronaut" eid="Id4" shape="(X (X) (X) (X) (X))" shape_type="sibling" size="4">
      <originaltripleset>
        <otriple>Alan_Bean | nationality | United_States</otriple>
        <otriple>Alan_Bean | birthDate | "1932-03-15"^^xsd:date</otriple>
        <otriple>Alan_Bean | almaMater | "UT Austin, B.S. 1955"@en</otriple>
        <otriple>Alan_Bean | birthPlace | Wheeler,_Texas</otriple>
      </originaltripleset>
      <modifiedtripleset>
        <mtriple>Alan_Bean | nationality | United_States</mtriple>
        <mtriple>Alan_Bean | birthDate | "1932-03-15"</mtriple>
        <mtriple>Alan_Bean | almaMater | "UT Austin, B.S. 1955"</mtriple>
        <mtriple>Alan_Bean | birthPlace | Wheeler,_Texas</mtriple>
      </modifiedtripleset>
      <lex comment="good" lid="Id1">Alan Bean is a United States citizen born in Wheeler, Texas on 15 March 1932 and who graduated from UT Austin BS in 1955.</lex>
      <lex comment="good" lid="Id2">Alan Bean was born on March 15, 1932 in Wheeler, Texas. He was a United States citizen. His Alma mater was UT, Austin and he graduated with a B.S. in 1955.</lex>
    </entry>
    <entry category="Astronaut" eid="Id5" shape="(X (X) (X) (X) (X))" shape_type="sibling" size="4">
      <originaltripleset>
        <otriple>Alan_Bean | nationality | United_States</otriple>
        <otriple>Alan_Bean | birthDate | "1932-03-15"^^xsd:date</otriple>
        <otriple>Alan_Bean | mission | Apollo_12</otriple>
        <otriple>Alan_Bean | birthPlace | Wheeler,_Texas</otriple>
      </originaltripleset>
      <modifiedtripleset>
        <mtriple>Alan_Bean | nationality | United_States</mtriple>
        <mtriple>Alan_Bean | birthDate | "1932-03-15"</mtriple>
        <mtriple>Alan_Bean | was a crew member of | Apollo_12</mtriple>
        <mtriple>Alan_Bean | birthPlace | Wheeler,_Texas</mtriple>
      </modifiedtripleset>
      <lex comment="good" lid="Id1">American Alan Bean was born in Wheeler, Texas on March 15th, 1932 and was a member of Apollo 12.</lex>
      <lex comment="good" lid="Id2">Alan Bean is a national of the United States. He was born in Wheeler Texas on 1932-03-15. He was a crew member of Apollo 12.</lex>
      <lex comment="good" lid="Id3">Alan Bean, a United States national, was born on 15 March 1932 in Wheeler Texas. He was a crew member on Apollo 12.</lex>
    </entry>
    <entry category="Astronaut" eid="Id6" shape="(X (X) (X) (X) (X))" shape_type="sibling" size="4">
      <originaltripleset>
        <otriple>Alan_Bean | nationality | United_States</otriple>
        <otriple>Alan_Bean | occupation | Test_pilot</otriple>
        <otriple>Alan_Bean | birthPlace | Wheeler,_Texas</otriple>
        <otriple>Alan_Bean | selection | 1963</otriple>
      </originaltripleset>
      <modifiedtripleset>
        <mtriple>Alan_Bean | nationality | United_States</mtriple>
        <mtriple>Alan_Bean | occupation | Test_pilot</mtriple>
        <mtriple>Alan_Bean | birthPlace | Wheeler,_Texas</mtriple>
        <mtriple>Alan_Bean | was selected by NASA | 1963</mtriple>
      </modifiedtripleset>
      <lex comment="good" lid="Id1">American Alan Bean was a test pilot who was born in Wheeler, Texas and in 1963 was picked by NASA as part of the space program.</lex>
      <lex comment="good" lid="Id2">Alan Bean is a national of the United States. He was born in Wheeler, Texas. He was a test pilot and was selected by NASA in 1963.</lex>
      <lex comment="good" lid="Id3">Alan Bean, originally from Wheeler, Texas, US, began working for NASA in 1963 as a test pilot.</lex>
    </entry>
    <entry category="Astronaut" eid="Id7" shape="(X (X) (X) (X) (X))" shape_type="sibling" size="4">
      <originaltripleset>
        <otriple>Alan_Bean | nationality | United_States</otriple>
        <otriple>Alan_Bean | occupation | Test_pilot</otriple>
        <otriple>Alan_Bean | mission | Apollo_12</otriple>
        <otriple>Alan_Bean | birthPlace | Wheeler,_Texas</otriple>
      </originaltripleset>
      <modifiedtripleset>
        <mtriple>Alan_Bean | nationality | United_States</mtriple>
        <mtriple>Alan_Bean | occupation | Test_pilot</mtriple>
        <mtriple>Alan_Bean | was a crew member of | Apollo_12</mtriple>
        <mtriple>Alan_Bean | birthPlace | Wheeler,_Texas</mtriple>
      </modifiedtripleset>
      <lex comment="good" lid="Id1">American test pilot Alan Bean was part of Apollo 12 and was born in Wheeler, Texas.</lex>
      <lex comment="good" lid="Id2">Alan Bean is a United States citizen born in Wheeler Texas. He served as a test pilot and was a crew member of the Apollo 12 mission.</lex>
    </entry>
    <entry category="Astronaut" eid="Id8" shape="(X (X) (X) (X) (X))" shape_type="sibling" size="4">
      <originaltripleset>
        <otriple>Alan_Bean | occupation | Test_pilot</otriple>
        <otriple>Alan_Bean | almaMater | "UT Austin, B.S. 1955"@en</otriple>
        <otriple>Alan_Bean | birthPlace | Wheeler,_Texas</otriple>
        <otriple>Alan_Bean | status | "Retired"@en</otriple>
      </originaltripleset>
      <modifiedtripleset>
        <mtriple>Alan_Bean | occupation | Test_pilot</mtriple>
        <mtriple>Alan_Bean | almaMater | "UT Austin, B.S. 1955"</mtriple>
        <mtriple>Alan_Bean | birthPlace | Wheeler,_Texas</mtriple>
        <mtriple>Alan_Bean | status | "Retired"</mtriple>
      </modifiedtripleset>
      <lex comment="good" lid="Id1">Alan Bean is a retired test pilot who was born in Wheeler, Texas. He graduated from UT Austin in 1955 with a B.S.</lex>
    </entry>
    <entry category="Astronaut" eid="Id9" shape="(X (X) (X) (X) (X))" shape_type="sibling" size="4">
      <originaltripleset>
        <otriple>Alan_Bean | occupation | Test_pilot</otriple>
        <otriple>Alan_Bean | birthDate | "1932-03-15"^^xsd:date</otriple>
        <otriple>Alan_Bean | almaMater | "UT Austin, B.S. 1955"@en</otriple>
        <otriple>Alan_Bean | birthPlace | Wheeler,_Texas</otriple>
      </originaltripleset>
      <modifiedtripleset>
        <mtriple>Alan_Bean | occupation | Test_pilot</mtriple>
        <mtriple>Alan_Bean | birthDate | "1932-03-15"</mtriple>
        <mtriple>Alan_Bean | almaMater | "UT Austin, B.S. 1955"</mtriple>
        <mtriple>Alan_Bean | birthPlace | Wheeler,_Texas</mtriple>
      </modifiedtripleset>
      <lex comment="good" lid="Id1">Test pilot Alan Bean was born on March 15th, 1932 in Wheeler, Texas and graduated with a B.S. from the University of Texas in 1955.</lex>
      <lex comment="good" lid="Id2">Alan Bean was born in Wheeler Texas in 1932-03-15. He attended the University of Texas in Austin and obtained a B.S. in 1955. He became a test pilot.</lex>
    </entry>
    <entry category="Astronaut" eid="Id10" shape="(X (X) (X) (X) (X))" shape_type="sibling" size="4">
      <originaltripleset>
        <otriple>Alan_Bean | occupation | Test_pilot</otriple>
        <otriple>Alan_Bean | birthDate | "1932-03-15"^^xsd:date</otriple>
        <otriple>Alan_Bean | birthPlace | Wheeler,_Texas</otriple>
        <otriple>Alan_Bean | selection | 1963</otriple>
      </originaltripleset>
      <modifiedtripleset>
        <mtriple>Alan_Bean | occupation | Test_pilot</mtriple>
        <mtriple>Alan_Bean | birthDate | "1932-03-15"</mtriple>
        <mtriple>Alan_Bean | birthPlace | Wheeler,_Texas</mtriple>
        <mtriple>Alan_Bean | was selected by NASA | 1963</mtriple>
      </modifiedtripleset>
      <lex comment="good" lid="Id1">The test pilot Alan Bean, born 1932-03-15 in Wheeler, Texas, was selected by NASA in 1963.</lex>
      <lex comment="good" lid="Id2">Test pilot Alan Bean was born March 15th, 1932 in Wheeler, Texas and in 1963 was picked by NASA to join the space program.</lex>
      <lex comment="good" lid="Id3">Alan Bean was born on 15 March 1932 in Wheeler Texas. He was a test pilot who was selected by NASA in 1963.</lex>
    </entry>
    <entry category="Astronaut" eid="Id11" shape="(X (X) (X) (X) (X))" shape_type="sibling" size="4">
      <originaltripleset>
        <otriple>Alan_Bean | occupation | Test_pilot</otriple>
        <otriple>Alan_Bean | mission | Apollo_12</otriple>
        <otriple>Alan_Bean | birthPlace | Wheeler,_Texas</otriple>
        <otriple>Alan_Bean | status | "Retired"@en</otriple>
      </originaltripleset>
      <modifiedtripleset>
        <mtriple>Alan_Bean | occupation | Test_pilot</mtriple>
        <mtriple>Alan_Bean | was a crew member of | Apollo_12</mtriple>
        <mtriple>Alan_Bean | birthPlace | Wheeler,_Texas</mtriple>
        <mtriple>Alan_Bean | status | "Retired"</mtriple>
      </modifiedtripleset>
      <lex comment="good" lid="Id1">Test pilot Alan Bean, who is now retired, was born in Wheeler, Texas and later became a crew member of Apollo 12.</lex>
      <lex comment="good" lid="Id2">Alan Bean, retired, was born in Wheeler, Texas and served as a test pilot and crew member of Apollo 12.</lex>
      <lex comment="good" lid="Id3">Alan Bean was born in Wheeler Texas . He was a test pilot who was also a crew member of Apollo 12. He is now retired.</lex>
    </entry>
    <entry category="Astronaut" eid="Id12" shape="(X (X) (X) (X (X)))" shape_type="mixed" size="4">
      <originaltripleset>
        <otriple>Alan_Bean | mission | Apollo_12</otriple>
        <otriple>Apollo_12 | operator | NASA</otriple>
        <otriple>Alan_Bean | occupation | Test_pilot</otriple>
        <otriple>Alan_Bean | birthPlace | Wheeler,_Texas</otriple>
      </originaltripleset>
      <modifiedtripleset>
        <mtriple>Alan_Bean | was a crew member of | Apollo_12</mtriple>
        <mtriple>Apollo_12 | operator | NASA</mtriple>
        <mtriple>Alan_Bean | occupation | Test_pilot</mtriple>
        <mtriple>Alan_Bean | birthPlace | Wheeler,_Texas</mtriple>
      </modifiedtripleset>
      <lex comment="good" lid="Id1">Alan Bean who was born in Wheeler, Texas joined NASA as a test pilot and was a crew member of Apollo 12.</lex>
      <lex comment="good" lid="Id2">Alan Bean was born in Wheeler, Texas and became a test pilot. He was a crew member of the NASA operated Apollo 12 mission.</lex>
    </entry>
    <entry category="Astronaut" eid="Id13" shape="(X (X) (X (X) (X)))" shape_type="mixed" size="4">
      <originaltripleset>
        <otriple>Alan_Bean | mission | Apollo_12</otriple>
        <otriple>Apollo_12 | operator | NASA</otriple>
        <otriple>Alan_Bean | occupation | Test_pilot</otriple>
        <otriple>Apollo_12 | crew1Up | David_Scott</otriple>
      </originaltripleset>
      <modifiedtripleset>
        <mtriple>Alan_Bean | was a crew member of | Apollo_12</mtriple>
        <mtriple>Apollo_12 | operator | NASA</mtriple>
        <mtriple>Alan_Bean | occupation | Test_pilot</mtriple>
        <mtriple>Apollo_12 | commander | David_Scott</mtriple>
      </modifiedtripleset>
      <lex comment="good" lid="Id1">Alan Bean was a crew member of NASA's Apollo 12 with commander David Scott. He was a test pilot.</lex>
      <lex comment="good" lid="Id2">Test Pilot Alan Bean was a crew member of NASA's Apollo 12 mission under commander David Scott.</lex>
    </entry>
    <entry category="Astronaut" eid="Id14" shape="(X (X) (X) (X (X)))" shape_type="mixed" size="4">
      <originaltripleset>
        <otriple>Alan_Bean | mission | Apollo_12</otriple>
        <otriple>Apollo_12 | operator | NASA</otriple>
        <otriple>Alan_Bean | status | "Retired"@en</otriple>
        <otriple>Alan_Bean | birthDate | "1932-03-15"^^xsd:date</otriple>
      </originaltripleset>
      <modifiedtripleset>
        <mtriple>Alan_Bean | was a crew member of | Apollo_12</mtriple>
        <mtriple>Apollo_12 | operator | NASA</mtriple>
        <mtriple>Alan_Bean | status | "Retired"</mtriple>
        <mtriple>Alan_Bean | birthDate | "1932-03-15"</mtriple>
      </modifiedtripleset>
      <lex comment="good" lid="Id1">Alan Bean who was born in 1932 worked for NASA and became a crew member of Apollo 12 is now currently retired.</lex>
    </entry>
    <entry category="Astronaut" eid="Id15" shape="(X (X) (X) (X (X)))" shape_type="mixed" size="4">
      <originaltripleset>
        <otriple>Alan_Bean | mission | Apollo_12</otriple>
        <otriple>Apollo_12 | operator | NASA</otriple>
        <otriple>Alan_Bean | selection | 1963</otriple>
        <otriple>Alan_Bean | almaMater | "UT Austin, B.S. 1955"@en</otriple>
      </originaltripleset>
      <modifiedtripleset>
        <mtriple>Alan_Bean | was a crew member of | Apollo_12</mtriple>
        <mtriple>Apollo_12 | operator | NASA</mtriple>
        <mtriple>Alan_Bean | was selected by NASA | 1963</mtriple>
        <mtriple>Alan_Bean | almaMater | "UT Austin, B.S. 1955"</mtriple>
      </modifiedtripleset>
      <lex comment="good" lid="Id1">Alan Bean graduated from UT Austin BS in 1955. He was selected as a crew member for the NASA operated Apollo 12 in 1963.</lex>
    </entry>
    <entry category="Astronaut" eid="Id16" shape="(X (X) (X) (X) (X))" shape_type="sibling" size="4">
      <originaltripleset>
        <otriple>Alan_Shepard | almaMater | "NWC, M.A. 1957"@en</otriple>
        <otriple>Alan_Shepard | deathPlace | California</otriple>
        <otriple>Alan_Shepard | birthPlace | New_Hampshire</otriple>
        <otriple>Alan_Shepard | awards | Distinguished_Service_Medal_(United_States_Navy)</otriple>
      </originaltripleset>
      <modifiedtripleset>
        <mtriple>Alan_Shepard | almaMater | "NWC, M.A. 1957"</mtriple>
        <mtriple>Alan_Shepard | deathPlace | California</mtriple>
        <mtriple>Alan_Shepard | birthPlace | New_Hampshire</mtriple>
        <mtriple>Alan_Shepard | awards | Distinguished_Service_Medal_(United_States_Navy)</mtriple>
      </modifiedtripleset>
      <lex comment="good" lid="Id1">Alan Shepard was born in New Hampshire. His alma Mater was NWC, where he received an M.A. in 1957. He was awarded the Distinguished Service Medal from the US Navy. He died in California.</lex>
    </entry>
    <entry category="Astronaut" eid="Id17" shape="(X (X) (X) (X) (X))" shape_type="sibling" size="4">
      <originaltripleset>
        <otriple>Alan_Shepard | almaMater | "NWC, M.A. 1957"@en</otriple>
        <otriple>Alan_Shepard | occupation | Test_pilot</otriple>
        <otriple>Alan_Shepard | birthPlace | New_Hampshire</otriple>
        <otriple>Alan_Shepard | selection | 1959</otriple>
      </originaltripleset>
      <modifiedtripleset>
        <mtriple>Alan_Shepard | almaMater | "NWC, M.A. 1957"</mtriple>
        <mtriple>Alan_Shepard | occupation | Test_pilot</mtriple>
        <mtriple>Alan_Shepard | birthPlace | New_Hampshire</mtriple>
        <mtriple>Alan_Shepard | was selected by NASA | 1959</mtriple>
      </modifiedtripleset>
      <lex comment="good" lid="Id1">Alan Shepard was born in New Hampshire and obtained a MA in 1957 from NWC. he was selected by NASA in 1959 and became a test pilot.</lex>
      <lex comment="good" lid="Id2">Alan Shepard was born in New Hampshire. His Alma mater was NWC and he graduated with an M.A. in 1957. He worked as a test pilot and he was selected by NASA in 1959.</lex>
    </entry>
    <entry category="Astronaut" eid="Id18" shape="(X (X) (X) (X (X)))" shape_type="mixed" size="4">
      <originaltripleset>
        <otriple>Alan_Shepard | almaMater | "NWC, M.A. 1957"@en</otriple>
        <otriple>Alan_Shepard | mission | Apollo_14</otriple>
        <otriple>Alan_Shepard | dateOfRet | "1974-08-01"^^xsd:date</otriple>
        <otriple>Apollo_14 | operator | NASA</otriple>
      </originaltripleset>
      <modifiedtripleset>
        <mtriple>Alan_Shepard | almaMater | "NWC, M.A. 1957"</mtriple>
        <mtriple>Alan_Shepard | was a crew member of | Apollo_14</mtriple>
        <mtriple>Alan_Shepard | dateOfRetirement | "1974-08-01"</mtriple>
        <mtriple>Apollo_14 | operator | NASA</mtriple>
      </modifiedtripleset>
      <lex comment="good" lid="Id1">In 1957 Alan Shepard graduated from NWC with an M.A. and later became an Apollo 14 crew member as chosen by NASA before retiring on August 1st, 1974.</lex>
      <lex comment="good" lid="Id2">Alan Shepard was a crew member of the NASA operated Apollo 14. He graduated from NWC, MA in 1957 and retired on 1 August 1974.</lex>
    </entry>
    <entry category="Astronaut" eid="Id19" shape="(X (X) (X) (X (X)))" shape_type="mixed" size="4">
      <originaltripleset>
        <otriple>Alan_Shepard | almaMater | "NWC, M.A. 1957"@en</otriple>
        <otriple>Distinguished_Service_Medal_(United_States_Navy) | higher | Department_of_Commerce_Gold_Medal</otriple>
        <otriple>Alan_Shepard | dateOfRet | "1974-08-01"^^xsd:date</otriple>
        <otriple>Alan_Shepard | awards | Distinguished_Service_Medal_(United_States_Navy)</otriple>
      </originaltripleset>
      <modifiedtripleset>
        <mtriple>Alan_Shepard | almaMater | "NWC, M.A. 1957"</mtriple>
        <mtriple>Distinguished_Service_Medal_(United_States_Navy) | higher | Department_of_Commerce_Gold_Medal</mtriple>
        <mtriple>Alan_Shepard | dateOfRetirement | "1974-08-01"</mtriple>
        <mtriple>Alan_Shepard | awards | Distinguished_Service_Medal_(United_States_Navy)</mtriple>
      </modifiedtripleset>
      <lex comment="good" lid="Id1">Alan Shepard graduated with an M.A. from NWC in 1957 and later received the Distinguished Service Medal from the U.S. Navy, an award that is higher than the Department of Commerce Gold Medal, retired on August 1st, 1974.</lex>
      <lex comment="good" lid="Id2">Alan Shepard graduated from NWC with an MA in 1957. He retired on 1 August 1974 having been awarded both the Distinguished Service Medal (US Navy) and the Department of Commerce Gold Medal.</lex>
    </entry>
    <entry category="Astronaut" eid="Id20" shape="(X (X) (X) (X) (X))" shape_type="sibling" size="4">
      <originaltripleset>
        <otriple>Alan_Shepard | deathPlace | California</otriple>
        <otriple>Alan_Shepard | birthPlace | New_Hampshire</otriple>
        <otriple>Alan_Shepard | dateOfRet | "1974-08-01"^^xsd:date</otriple>
        <otriple>Alan_Shepard | nationality | United_States</otriple>
      </originaltripleset>
      <modifiedtripleset>
        <mtriple>Alan_Shepard | deathPlace | California</mtriple>
        <mtriple>Alan_Shepard | birthPlace | New_Hampshire</mtriple>
        <mtriple>Alan_Shepard | dateOfRetirement | "1974-08-01"</mtriple>
        <mtriple>Alan_Shepard | nationality | United_States</mtriple>
      </modifiedtripleset>
      <lex comment="good" lid="Id1">Alan Shepard of the United States, was born in New Hampshire and retired on August 1, 1974. He died in California.</lex>
      <lex comment="good" lid="Id2">Alan Shepard (born in New Hampshire of the United States) retired on 1974-08-01 and died in California.</lex>
    </entry>
    <entry category="Astronaut" eid="Id21" shape="(X (X) (X) (X) (X))" shape_type="sibling" size="4">
      <originaltripleset>
        <otriple>Alan_Shepard | deathPlace | California</otriple>
        <otriple>Alan_Shepard | birthPlace | New_Hampshire</otriple>
        <otriple>Alan_Shepard | deathDate | "1998-07-21"^^xsd:date</otriple>
        <otriple>Alan_Shepard | birthDate | "1923-11-18"^^xsd:date</otriple>
      </originaltripleset>
      <modifiedtripleset>
        <mtriple>Alan_Shepard | deathPlace | California</mtriple>
        <mtriple>Alan_Shepard | birthPlace | New_Hampshire</mtriple>
        <mtriple>Alan_Shepard | deathDate | "1998-07-21"</mtriple>
        <mtriple>Alan_Shepard | birthDate | "1923-11-18"</mtriple>
      </modifiedtripleset>
      <lex comment="good" lid="Id1">Alan Shepard who was born in New Hampshire on 18th November 1923, died in California on 21st July 1998.</lex>
      <lex comment="good" lid="Id2">Alan Shepard died in California on July 21, 1998. He was born in New Hampshire On 11-18-1923.</lex>
    </entry>
    <entry category="Astronaut" eid="Id22" shape="(X (X) (X) (X) (X))" shape_type="sibling" size="4">
      <originaltripleset>
        <otriple>Alan_Shepard | deathPlace | California</otriple>
        <otriple>Alan_Shepard | occupation | Test_pilot</otriple>
        <otriple>Alan_Shepard | birthPlace | New_Hampshire</otriple>
        <otriple>Alan_Shepard | nationality | United_States</otriple>
      </originaltripleset>
      <modifiedtripleset>
        <mtriple>Alan_Shepard | deathPlace | California</mtriple>
        <mtriple>Alan_Shepard | occupation | Test_pilot</mtriple>
        <mtriple>Alan_Shepard | birthPlace | New_Hampshire</mtriple>
        <mtriple>Alan_Shepard | nationality | United_States</mtriple>
      </modifiedtripleset>
      <lex comment="good" lid="Id1">American Alan Shepard was a test pilot who was born in New Hampshire and died in California.</lex>
      <lex comment="good" lid="Id2">Alan Shepard was a national of the United States. He was born in New Hampshire became a test pilot and died in California.</lex>
    </entry>
    <entry category="Astronaut" eid="Id23" shape="(X (X) (X) (X) (X))" shape_type="sibling" size="4">
      <originaltripleset>
        <otriple>Alan_Shepard | status | "Deceased"@en</otriple>
        <otriple>Alan_Shepard | birthPlace | New_Hampshire</otriple>
        <otriple>Alan_Shepard | selection | 1959</otriple>
        <otriple>Alan_Shepard | birthDate | "1923-11-18"^^xsd:date</otriple>
      </originaltripleset>
      <modifiedtripleset>
        <mtriple>Alan_Shepard | status | "Deceased"</mtriple>
        <mtriple>Alan_Shepard | birthPlace | New_Hampshire</mtriple>
        <mtriple>Alan_Shepard | was selected by NASA | 1959</mtriple>
        <mtriple>Alan_Shepard | birthDate | "1923-11-18"</mtriple>
      </modifiedtripleset>
      <lex comment="good" lid="Id1">Alan Shepard who was selected by NASA in 1959 is sadly now deceased. He was born in New Hampshire on 18th November 1923.</lex>
      <lex comment="good" lid="Id2">The now deceased Alan Shepard was born in New Hampshire on November 18, 1923. He was selected by NASA in 1959.</lex>
      <lex comment="good" lid="Id3">The late Alan Shepard was born in New Hampshire on 11/18/1923 and was selected by NASA in 1959.</lex>
    </entry>
    <entry category="Astronaut" eid="Id24" shape="(X (X) (X) (X) (X))" shape_type="sibling" size="4">
      <originaltripleset>
        <otriple>Alan_Shepard | status | "Deceased"@en</otriple>
        <otriple>Alan_Shepard | deathPlace | California</otriple>
        <otriple>Alan_Shepard | birthPlace | New_Hampshire</otriple>
        <otriple>Alan_Shepard | birthDate | "1923-11-18"^^xsd:date</otriple>
      </originaltripleset>
      <modifiedtripleset>
        <mtriple>Alan_Shepard | status | "Deceased"</mtriple>
        <mtriple>Alan_Shepard | deathPlace | California</mtriple>
        <mtriple>Alan_Shepard | birthPlace | New_Hampshire</mtriple>
        <mtriple>Alan_Shepard | birthDate | "1923-11-18"</mtriple>
      </modifiedtripleset>
      <lex comment="good" lid="Id1">Alan Shepard died in California and he was born in New Hampshire on November 18th, 1923.</lex>
      <lex comment="good" lid="Id2">Alan Shepard was born in New Hampshire on 1923-11-18 and died in California.</lex>
      <lex comment="good" lid="Id3">Alan Shepard was born in 1923 in New Hampshire and died in California.</lex>
    </entry>
    <entry category="Astronaut" eid="Id25" shape="(X (X) (X) (X (X)))" shape_type="mixed" size="4">
      <originaltripleset>
        <otriple>Alan_Shepard | status | "Deceased"@en</otriple>
        <otriple>Alan_Shepard | occupation | Test_pilot</otriple>
        <otriple>Distinguished_Service_Medal_(United_States_Navy) | higher | Department_of_Commerce_Gold_Medal</otriple>
        <otriple>Alan_Shepard | awards | Distinguished_Service_Medal_(United_States_Navy)</otriple>
      </originaltripleset>
      <modifiedtripleset>
        <mtriple>Alan_Shepard | status | "Deceased"</mtriple>
        <mtriple>Alan_Shepard | occupation | Test_pilot</mtriple>
        <mtriple>Distinguished_Service_Medal_(United_States_Navy) | higher | Department_of_Commerce_Gold_Medal</mtriple>
        <mtriple>Alan_Shepard | awards | Distinguished_Service_Medal_(United_States_Navy)</mtriple>
      </modifiedtripleset>
      <lex comment="good" lid="Id1">Now dead, Alan Shepard was a test pilot who was awarded the Distinguished Service Medal from the U.S. Navy, an award that is higher than the Department of Commerce Gold Medal.</lex>
    </entry>
    <entry category="Astronaut" eid="Id26" shape="(X (X) (X) (X (X)))" shape_type="mixed" size="4">
      <originaltripleset>
        <otriple>Alan_Shepard | mission | Apollo_14</otriple>
        <otriple>Alan_Shepard | birthPlace | New_Hampshire</otriple>
        <otriple>Apollo_14 | operator | NASA</otriple>
        <otriple>Alan_Shepard | birthDate | "1923-11-18"^^xsd:date</otriple>
      </originaltripleset>
      <modifiedtripleset>
        <mtriple>Alan_Shepard | was a crew member of | Apollo_14</mtriple>
        <mtriple>Alan_Shepard | birthPlace | New_Hampshire</mtriple>
        <mtriple>Apollo_14 | operator | NASA</mtriple>
        <mtriple>Alan_Shepard | birthDate | "1923-11-18"</mtriple>
      </modifiedtripleset>
      <lex comment="good" lid="Id1">Apollo 14 crew member Alan Shepard was born in New Hampshire on November 18th, 1923 and was picked by NASA for the space program.</lex>
    </entry>
    <entry category="Astronaut" eid="Id27" shape="(X (X) (X) (X (X)))" shape_type="mixed" size="4">
      <originaltripleset>
        <otriple>Alan_Shepard | mission | Apollo_14</otriple>
        <otriple>Alan_Shepard | deathDate | "1998-07-21"^^xsd:date</otriple>
        <otriple>Alan_Shepard | deathPlace | California</otriple>
        <otriple>Apollo_14 | operator | NASA</otriple>
      </originaltripleset>
      <modifiedtripleset>
        <mtriple>Alan_Shepard | was a crew member of | Apollo_14</mtriple>
        <mtriple>Alan_Shepard | deathDate | "1998-07-21"</mtriple>
        <mtriple>Alan_Shepard | deathPlace | California</mtriple>
        <mtriple>Apollo_14 | operator | NASA</mtriple>
      </modifiedtripleset>
      <lex comment="good" lid="Id1">Alan Shepard, who was a member of Apollo 14, died July 21st, 1998 in California well after being picked by NASA as part of the space program.</lex>
    </entry>
    <entry category="Astronaut" eid="Id28" shape="(X (X (X)) (X (X)))" shape_type="mixed" size="4">
      <originaltripleset>
        <otriple>Alan_Shepard | mission | Apollo_14</otriple>
        <otriple>Alan_Shepard | deathPlace | California</otriple>
        <otriple>California | senators | Dianne_Feinstein</otriple>
        <otriple>Apollo_14 | operator | NASA</otriple>
      </originaltripleset>
      <modifiedtripleset>
        <mtriple>Alan_Shepard | was a crew member of | Apollo_14</mtriple>
        <mtriple>Alan_Shepard | deathPlace | California</mtriple>
        <mtriple>California | senators | Dianne_Feinstein</mtriple>
        <mtriple>Apollo_14 | operator | NASA</mtriple>
      </modifiedtripleset>
      <lex comment="good" lid="Id1">Alan Shepard was a crew member of NASA operated Apollo 14 who died in California which is represented by Dianne Feinstein.</lex>
    </entry>
    <entry category="Astronaut" eid="Id29" shape="(X (X (X)) (X (X)))" shape_type="mixed" size="4">
      <originaltripleset>
        <otriple>Alan_Shepard | mission | Apollo_14</otriple>
        <otriple>New_Hampshire | bird | Purple_finch</otriple>
        <otriple>Alan_Shepard | birthPlace | New_Hampshire</otriple>
        <otriple>Apollo_14 | operator | NASA</otriple>
      </originaltripleset>
      <modifiedtripleset>
        <mtriple>Alan_Shepard | was a crew member of | Apollo_14</mtriple>
        <mtriple>New_Hampshire | bird | Purple_finch</mtriple>
        <mtriple>Alan_Shepard | birthPlace | New_Hampshire</mtriple>
        <mtriple>Apollo_14 | operator | NASA</mtriple>
      </modifiedtripleset>
      <lex comment="good" lid="Id1">Alan Shepard was born in New Hampshire (whose bird is the purple finch). He was a crew member of NASA's Apollo 14.</lex>
    </entry>
    <entry category="Astronaut" eid="Id30" shape="(X (X) (X (X) (X)))" shape_type="mixed" size="4">
      <originaltripleset>
        <otriple>Apollo_12 | crew2Up | Alfred_Worden</otriple>
        <otriple>Alan_Bean | mission | Apollo_12</otriple>
        <otriple>Alan_Bean | nationality | United_States</otriple>
        <otriple>Apollo_12 | operator | NASA</otriple>
      </originaltripleset>
      <modifiedtripleset>
        <mtriple>Apollo_12 | backup pilot | Alfred_Worden</mtriple>
        <mtriple>Alan_Bean | was a crew member of | Apollo_12</mtriple>
        <mtriple>Alan_Bean | nationality | United_States</mtriple>
        <mtriple>Apollo_12 | operator | NASA</mtriple>
      </modifiedtripleset>
      <lex comment="good" lid="Id1">American Alan Bean was a crew member of NASA's Apollo 12 alongside backup pilot Alfred Worden.</lex>
      <lex comment="good" lid="Id2">United States citizen Alan Bean was a member of NASA's Apollo 12 crew with his backup pilot Alfred Worden.</lex>
    </entry>
    <entry category="Astronaut" eid="Id31" shape="(X (X) (X (X) (X)))" shape_type="mixed" size="4">
      <originaltripleset>
        <otriple>Apollo_8 | crew1Up | Frank_Borman</otriple>
        <otriple>William_Anders | mission | Apollo_8</otriple>
        <otriple>William_Anders | birthPlace | British_Hong_Kong</otriple>
        <otriple>Apollo_8 | operator | NASA</otriple>
      </originaltripleset>
      <modifiedtripleset>
        <mtriple>Apollo_8 | commander | Frank_Borman</mtriple>
        <mtriple>William_Anders | was a crew member of | Apollo_8</mtriple>
        <mtriple>William_Anders | birthPlace | British_Hong_Kong</mtriple>
        <mtriple>Apollo_8 | operator | NASA</mtriple>
      </modifiedtripleset>
      <lex comment="good" lid="Id1">Williams Anders (born in British Hong Kong) was a crew member of NASA's Apollo 8 with commander Frank Borman.</lex>
    </entry>
    <entry category="Astronaut" eid="Id32" shape="(X (X) (X) (X) (X))" shape_type="sibling" size="4">
      <originaltripleset>
        <otriple>Buzz_Aldrin | alternativeNames | "Edwin E. Aldrin, Jr."@en</otriple>
        <otriple>Buzz_Aldrin | awards | 20</otriple>
        <otriple>Buzz_Aldrin | almaMater | "Massachusetts Institute of Technology, Sc.D. 1963"@en</otriple>
        <otriple>Buzz_Aldrin | birthDate | "1930-01-20"^^xsd:date</otriple>
      </originaltripleset>
      <modifiedtripleset>
        <mtriple>Buzz_Aldrin | alternativeNames | "Edwin E. Aldrin, Jr."</mtriple>
        <mtriple>Buzz_Aldrin | awards | 20</mtriple>
        <mtriple>Buzz_Aldrin | almaMater | "Massachusetts Institute of Technology, Sc.D. 1963"</mtriple>
        <mtriple>Buzz_Aldrin | birthDate | "1930-01-20"</mtriple>
      </modifiedtripleset>
      <lex comment="good" lid="Id1">Buzz Aldrin was born Edwin E. Aldrin, Jr on 1930-01-20. He attended the Massachusetts Institute of Technology obtaining the ScD. in 1963. He won 20 awards.</lex>
      <lex comment="good" lid="Id2">Buzz Aldrin, real name Edwin E. Aldrin Jr was born 20th January 1930, received 20 awards and attended Massachusetts Institute of Technology.</lex>
    </entry>
    <entry category="Astronaut" eid="Id33" shape="(X (X) (X) (X) (X))" shape_type="sibling" size="4">
      <originaltripleset>
        <otriple>Buzz_Aldrin | alternativeNames | "Edwin E. Aldrin, Jr."@en</otriple>
        <otriple>Buzz_Aldrin | mission | Apollo_11</otriple>
        <otriple>Buzz_Aldrin | occupation | Fighter_pilot</otriple>
        <otriple>Buzz_Aldrin | almaMater | "Massachusetts Institute of Technology, Sc.D. 1963"@en</otriple>
      </originaltripleset>
      <modifiedtripleset>
        <mtriple>Buzz_Aldrin | alternativeNames | "Edwin E. Aldrin, Jr."</mtriple>
        <mtriple>Buzz_Aldrin | was a crew member of | Apollo_11</mtriple>
        <mtriple>Buzz_Aldrin | occupation | Fighter_pilot</mtriple>
        <mtriple>Buzz_Aldrin | almaMater | "Massachusetts Institute of Technology, Sc.D. 1963"</mtriple>
      </modifiedtripleset>
      <lex comment="good" lid="Id1">Buzz Aldrin, AKA Edwin E. Aldrin, Jr., was a fighter pilot and crew member of Apollo 11. In 1963, he graduated from Massachusetts Institute of Technology with an Sc.D.</lex>
      <lex comment="good" lid="Id2">Buzz Aldrin (alternatively called Edwin E Aldrin Jr) was a crew member of Apollo 11. He was a fighter pilot and attended Massachusetts Institute of Technology, Sc. D. 1963.</lex>
    </entry>
    <entry category="Astronaut" eid="Id34" shape="(X (X) (X) (X) (X))" shape_type="sibling" size="4">
      <originaltripleset>
        <otriple>Buzz_Aldrin | birthPlace | Glen_Ridge,_New_Jersey</otriple>
        <otriple>Buzz_Aldrin | nationality | United_States</otriple>
        <otriple>Buzz_Aldrin | occupation | Fighter_pilot</otriple>
        <otriple>Buzz_Aldrin | status | "Retired"@en</otriple>
      </originaltripleset>
      <modifiedtripleset>
        <mtriple>Buzz_Aldrin | birthPlace | Glen_Ridge,_New_Jersey</mtriple>
        <mtriple>Buzz_Aldrin | nationality | United_States</mtriple>
        <mtriple>Buzz_Aldrin | occupation | Fighter_pilot</mtriple>
        <mtriple>Buzz_Aldrin | status | "Retired"</mtriple>
      </modifiedtripleset>
      <lex comment="good" lid="Id1">Buzz Aldrin is a National of the United States. He was born in Glen Ridge, New Jersey. He was a fighter pilot and has now retired.</lex>
      <lex comment="good" lid="Id2">Buzz Aldrin, now retired, is a United States national born in Glen Ridge, New Jersey. He served as a fighter pilot.</lex>
    </entry>
    <entry category="Astronaut" eid="Id35" shape="(X (X) (X) (X) (X))" shape_type="sibling" size="4">
      <originaltripleset>
        <otriple>Buzz_Aldrin | birthPlace | Glen_Ridge,_New_Jersey</otriple>
        <otriple>Buzz_Aldrin | nationality | United_States</otriple>
        <otriple>Buzz_Aldrin | mission | Apollo_11</otriple>
        <otriple>Buzz_Aldrin | birthDate | "1930-01-20"^^xsd:date</otriple>
      </originaltripleset>
      <modifiedtripleset>
        <mtriple>Buzz_Aldrin | birthPlace | Glen_Ridge,_New_Jersey</mtriple>
        <mtriple>Buzz_Aldrin | nationality | United_States</mtriple>
        <mtriple>Buzz_Aldrin | was a crew member of | Apollo_11</mtriple>
        <mtriple>Buzz_Aldrin | birthDate | "1930-01-20"</mtriple>
      </modifiedtripleset>
      <lex comment="good" lid="Id1">American Buzz Aldrin was born in Glen Ridge, New Jersey on January 20th, 1930 and was part of Apollo 11.</lex>
      <lex comment="good" lid="Id2">Buzz Aldrin is a national of the United States. He was in born in Glen Ridge, New Jersey on 1930-01-20. He was a crew member of Apollo 11.</lex>
      <lex comment="good" lid="Id3">Buzz Aldrin, a United States citizen who served as crew member on Apollo 11, was born on 20 January 1930 in Glen Ridge, New Jersey.</lex>
    </entry>
    <entry category="Astronaut" eid="Id36" shape="(X (X) (X) (X) (X))" shape_type="sibling" size="4">
      <originaltripleset>
        <otriple>Buzz_Aldrin | birthPlace | Glen_Ridge,_New_Jersey</otriple>
        <otriple>Buzz_Aldrin | nationality | United_States</otriple>
        <otriple>Buzz_Aldrin | mission | Apollo_11</otriple>
        <otriple>Buzz_Aldrin | occupation | Fighter_pilot</otriple>
      </originaltripleset>
      <modifiedtripleset>
        <mtriple>Buzz_Aldrin | birthPlace | Glen_Ridge,_New_Jersey</mtriple>
        <mtriple>Buzz_Aldrin | nationality | United_States</mtriple>
        <mtriple>Buzz_Aldrin | was a crew member of | Apollo_11</mtriple>
        <mtriple>Buzz_Aldrin | occupation | Fighter_pilot</mtriple>
      </modifiedtripleset>
      <lex comment="good" lid="Id1">American Buzz Aldrin, who was born in Glen Ridge, New Jersey, was part of Apollo 11 and earlier in time, a fighter pilot.</lex>
      <lex comment="good" lid="Id2">Buzz Aldrin is a United States National and was born in Glen Ridge New Jersey. He was a fighter pilot and was a crew member of Apollo 11.</lex>
    </entry>
    <entry category="Astronaut" eid="Id37" shape="(X (X) (X) (X) (X))" shape_type="sibling" size="4">
      <originaltripleset>
        <otriple>Buzz_Aldrin | birthPlace | Glen_Ridge,_New_Jersey</otriple>
        <otriple>Buzz_Aldrin | nationality | United_States</otriple>
        <otriple>Buzz_Aldrin | selection | 1963</otriple>
        <otriple>Buzz_Aldrin | almaMater | "Massachusetts Institute of Technology, Sc.D. 1963"@en</otriple>
      </originaltripleset>
      <modifiedtripleset>
        <mtriple>Buzz_Aldrin | birthPlace | Glen_Ridge,_New_Jersey</mtriple>
        <mtriple>Buzz_Aldrin | nationality | United_States</mtriple>
        <mtriple>Buzz_Aldrin | was selected by NASA | 1963</mtriple>
        <mtriple>Buzz_Aldrin | almaMater | "Massachusetts Institute of Technology, Sc.D. 1963"</mtriple>
      </modifiedtripleset>
      <lex comment="good" lid="Id1">American Buzz Aldrin, who was born in Glen Ridge, New Jersey, joined NASA in 1963 and in 1963 graduated from MIT with a Sc. D.</lex>
      <lex comment="good" lid="Id2">Buzz Aldrin is a United States National born in Glen Ridge, New Jersey. He obtained a Sc.D in 1963 from the Massachusetts Institute of Technology. He was selected by NASA in 1963.</lex>
      <lex comment="good" lid="Id3">Buzz Aldrin is a US citizen born in Glen Ridge, New Jersey. He graduated from Massachusetts Institute of Technology, ScD in 1963 and was selected by NASA in 1963.</lex>
    </entry>
    <entry category="Astronaut" eid="Id38" shape="(X (X) (X) (X) (X))" shape_type="sibling" size="4">
      <originaltripleset>
        <otriple>Buzz_Aldrin | birthPlace | Glen_Ridge,_New_Jersey</otriple>
        <otriple>Buzz_Aldrin | occupation | Fighter_pilot</otriple>
        <otriple>Buzz_Aldrin | almaMater | "Massachusetts Institute of Technology, Sc.D. 1963"@en</otriple>
        <otriple>Buzz_Aldrin | status | "Retired"@en</otriple>
      </originaltripleset>
      <modifiedtripleset>
        <mtriple>Buzz_Aldrin | birthPlace | Glen_Ridge,_New_Jersey</mtriple>
        <mtriple>Buzz_Aldrin | occupation | Fighter_pilot</mtriple>
        <mtriple>Buzz_Aldrin | almaMater | "Massachusetts Institute of Technology, Sc.D. 1963"</mtriple>
        <mtriple>Buzz_Aldrin | status | "Retired"</mtriple>
      </modifiedtripleset>
      <lex comment="good" lid="Id1">Buzz Aldrin was born in Glen Ridge, New Jersey. He obtained an Sc.D in 1963 from Massachusetts Institute of Technology. He became a fighter pilot and has retired.</lex>
      <lex comment="good" lid="Id2">Buzz Aldrin, now retired, was born in Glen Ridge New Jersey. After graduating from MIT ScD in 1963 he became a fighter pilot.</lex>
    </entry>
    <entry category="Astronaut" eid="Id39" shape="(X (X) (X (X) (X)))" shape_type="mixed" size="4">
      <originaltripleset>
        <otriple>Buzz_Aldrin | birthPlace | Glen_Ridge,_New_Jersey</otriple>
        <otriple>Buzz_Aldrin | mission | Apollo_11</otriple>
        <otriple>Apollo_11 | crew2Up | William_Anders</otriple>
        <otriple>Apollo_11 | operator | NASA</otriple>
      </originaltripleset>
      <modifiedtripleset>
        <mtriple>Buzz_Aldrin | birthPlace | Glen_Ridge,_New_Jersey</mtriple>
        <mtriple>Buzz_Aldrin | was a crew member of | Apollo_11</mtriple>
        <mtriple>Apollo_11 | backup pilot | William_Anders</mtriple>
        <mtriple>Apollo_11 | operator | NASA</mtriple>
      </modifiedtripleset>
      <lex comment="good" lid="Id1">Buzz Aldrin (born in Glen Ridge, New Jersey) was a crew member of NASA's Apollo 11 with William Anders as a backup pilot.</lex>
      <lex comment="good" lid="Id2">Buzz Aldrin originally from Glen Ridge, New Jersey worked for NASA and became a crew member of Apollo 11 with William Anders as his back up pilot.</lex>
    </entry>
    <entry category="Astronaut" eid="Id40" shape="(X (X) (X) (X) (X))" shape_type="sibling" size="4">
      <originaltripleset>
        <otriple>Buzz_Aldrin | birthPlace | Glen_Ridge,_New_Jersey</otriple>
        <otriple>Buzz_Aldrin | mission | Apollo_11</otriple>
        <otriple>Buzz_Aldrin | almaMater | "Massachusetts Institute of Technology, Sc.D. 1963"@en</otriple>
        <otriple>Buzz_Aldrin | birthDate | "1930-01-20"^^xsd:date</otriple>
      </originaltripleset>
      <modifiedtripleset>
        <mtriple>Buzz_Aldrin | birthPlace | Glen_Ridge,_New_Jersey</mtriple>
        <mtriple>Buzz_Aldrin | was a crew member of | Apollo_11</mtriple>
        <mtriple>Buzz_Aldrin | almaMater | "Massachusetts Institute of Technology, Sc.D. 1963"</mtriple>
        <mtriple>Buzz_Aldrin | birthDate | "1930-01-20"</mtriple>
      </modifiedtripleset>
      <lex comment="good" lid="Id1">Buzz Aldrin was born in Glen Ridge, New Jersey on 1930-01-20. He attended the Massachusetts Institute of Technology obtaining a Sc.D in 1963. He was a crew member on Apollo 11.</lex>
      <lex comment="good" lid="Id2">Buzz Aldrin was born in Glen Ridge, New Jersey on 20 January 1930. He graduated from MIT ScD in 1963 and was a crew member of Apollo 11.</lex>
    </entry>
    <entry category="Astronaut" eid="Id41" shape="(X (X) (X) (X (X)))" shape_type="mixed" size="4">
      <originaltripleset>
        <otriple>Buzz_Aldrin | birthPlace | Glen_Ridge,_New_Jersey</otriple>
        <otriple>Buzz_Aldrin | mission | Apollo_11</otriple>
        <otriple>Buzz_Aldrin | status | "Retired"@en</otriple>
        <otriple>Apollo_11 | operator | NASA</otriple>
      </originaltripleset>
      <modifiedtripleset>
        <mtriple>Buzz_Aldrin | birthPlace | Glen_Ridge,_New_Jersey</mtriple>
        <mtriple>Buzz_Aldrin | was a crew member of | Apollo_11</mtriple>
        <mtriple>Buzz_Aldrin | status | "Retired"</mtriple>
        <mtriple>Apollo_11 | operator | NASA</mtriple>
      </modifiedtripleset>
      <lex comment="good" lid="Id1">Buzz Aldrin, who was born in Glen Ridge, New Jersey, was part of Apollo 11 as chosen by NASA, and is now retired.</lex>
      <lex comment="good" lid="Id2">Buzz Aldrin, now retired, was born in Glen Ridge, New Jersey and was a crew member of the NASA operated Apollo 11 mission.</lex>
    </entry>
    <entry category="Astronaut" eid="Id42" shape="(X (X) (X) (X) (X))" shape_type="sibling" size="4">
      <originaltripleset>
        <otriple>Buzz_Aldrin | birthPlace | Glen_Ridge,_New_Jersey</otriple>
        <otriple>Buzz_Aldrin | selection | 1963</otriple>
        <otriple>Buzz_Aldrin | mission | Apollo_11</otriple>
        <otriple>Buzz_Aldrin | status | "Retired"@en</otriple>
      </originaltripleset>
      <modifiedtripleset>
        <mtriple>Buzz_Aldrin | birthPlace | Glen_Ridge,_New_Jersey</mtriple>
        <mtriple>Buzz_Aldrin | was selected by NASA | 1963</mtriple>
        <mtriple>Buzz_Aldrin | was a crew member of | Apollo_11</mtriple>
        <mtriple>Buzz_Aldrin | status | "Retired"</mtriple>
      </modifiedtripleset>
      <lex comment="good" lid="Id1">Buzz Aldrin was born in Glen Ridge, New Jersey. Now retired, he was selected by NASA in 1963, and was a crew member of the Apollo 11.</lex>
      <lex comment="good" lid="Id2">Buzz Aldrin (born in Glen Ridge, New Jersey was selected by NASA in 1963 and was a crew member for Apollo 11 and is now retired.</lex>
    </entry>
    <entry category="Astronaut" eid="Id43" shape="(X (X) (X) (X (X)))" shape_type="mixed" size="4">
      <originaltripleset>
        <otriple>Buzz_Aldrin | mission | Apollo_11</otriple>
        <otriple>Buzz_Aldrin | dateOfRet | "1971-07-01"^^xsd:date</otriple>
        <otriple>Buzz_Aldrin | alternativeNames | "Edwin E. Aldrin, Jr."@en</otriple>
        <otriple>Apollo_11 | operator | NASA</otriple>
      </originaltripleset>
      <modifiedtripleset>
        <mtriple>Buzz_Aldrin | was a crew member of | Apollo_11</mtriple>
        <mtriple>Buzz_Aldrin | dateOfRetirement | "1971-07-01"</mtriple>
        <mtriple>Buzz_Aldrin | alternativeNames | "Edwin E. Aldrin, Jr."</mtriple>
        <mtriple>Apollo_11 | operator | NASA</mtriple>
      </modifiedtripleset>
      <lex comment="good" lid="Id1">Edwin E. Aldrin, Jr., who is also known as Buzz Aldrin, was chosen by NASA to be a member of Apollo 11 and he retired on July 1st, 1971.</lex>
      <lex comment="good" lid="Id2">Edwin E Aldrin Jr, also known as Buzz Aldrin, was a crew member of the NASA operated Apollo 11 and retired on 1 July 1971.</lex>
    </entry>
    <entry category="Astronaut" eid="Id44" shape="(X (X) (X (X) (X)))" shape_type="mixed" size="4">
      <originaltripleset>
        <otriple>Buzz_Aldrin | mission | Apollo_11</otriple>
        <otriple>Buzz_Aldrin | nationality | United_States</otriple>
        <otriple>Apollo_11 | crew2Up | William_Anders</otriple>
        <otriple>Apollo_11 | operator | NASA</otriple>
      </originaltripleset>
      <modifiedtripleset>
        <mtriple>Buzz_Aldrin | was a crew member of | Apollo_11</mtriple>
        <mtriple>Buzz_Aldrin | nationality | United_States</mtriple>
        <mtriple>Apollo_11 | backup pilot | William_Anders</mtriple>
        <mtriple>Apollo_11 | operator | NASA</mtriple>
      </modifiedtripleset>
      <lex comment="good" lid="Id1">American Buzz Aldrin was part of Apollo 11 along with William Anders as chosen by NASA.</lex>
      <lex comment="good" lid="Id2">Buzz Aldrin, a US national, worked for NASA and became a crew member of Apollo 11 with William Anders as his back up pilot.</lex>
    </entry>
    <entry category="Astronaut" eid="Id45" shape="(X (X (X)) (X (X)))" shape_type="mixed" size="4">
      <originaltripleset>
        <otriple>Buzz_Aldrin | mission | Apollo_11</otriple>
        <otriple>Buzz_Aldrin | nationality | United_States</otriple>
        <otriple>United_States | leaderName | Joe_Biden</otriple>
        <otriple>Apollo_11 | crew2Up | William_Anders</otriple>
      </originaltripleset>
      <modifiedtripleset>
        <mtriple>Buzz_Aldrin | was a crew member of | Apollo_11</mtriple>
        <mtriple>Buzz_Aldrin | nationality | United_States</mtriple>
        <mtriple>United_States | leaderName | Joe_Biden</mtriple>
        <mtriple>Apollo_11 | backup pilot | William_Anders</mtriple>
      </modifiedtripleset>
      <lex comment="good" lid="Id1">Buzz Aldrin is a national of the United States led by Joe Biden. He was a crew member of Apollo 11. On Apollo 11 the backup pilot was William Anders.</lex>
    </entry>
    <entry category="Astronaut" eid="Id46" shape="(X (X) (X) (X (X)))" shape_type="mixed" size="4">
      <originaltripleset>
        <otriple>Buzz_Aldrin | mission | Apollo_11</otriple>
        <otriple>Buzz_Aldrin | occupation | Fighter_pilot</otriple>
        <otriple>Buzz_Aldrin | almaMater | "Massachusetts Institute of Technology, Sc.D. 1963"@en</otriple>
        <otriple>Apollo_11 | operator | NASA</otriple>
      </originaltripleset>
      <modifiedtripleset>
        <mtriple>Buzz_Aldrin | was a crew member of | Apollo_11</mtriple>
        <mtriple>Buzz_Aldrin | occupation | Fighter_pilot</mtriple>
        <mtriple>Buzz_Aldrin | almaMater | "Massachusetts Institute of Technology, Sc.D. 1963"</mtriple>
        <mtriple>Apollo_11 | operator | NASA</mtriple>
      </modifiedtripleset>
      <lex comment="good" lid="Id1">Fighter pilot Buzz Aldrin, who went to Massachusetts Institute of Technology, Sc.D. 1963, was a crew member of NASA's Apollo 11.</lex>
    </entry>
    <entry category="Astronaut" eid="Id47" shape="(X (X) (X) (X (X)))" shape_type="mixed" size="4">
      <originaltripleset>
        <otriple>Buzz_Aldrin | mission | Apollo_11</otriple>
        <otriple>Buzz_Aldrin | status | "Retired"@en</otriple>
        <otriple>Buzz_Aldrin | birthDate | "1930-01-20"^^xsd:date</otriple>
        <otriple>Apollo_11 | operator | NASA</otriple>
      </originaltripleset>
      <modifiedtripleset>
        <mtriple>Buzz_Aldrin | was a crew member of | Apollo_11</mtriple>
        <mtriple>Buzz_Aldrin | status | "Retired"</mtriple>
        <mtriple>Buzz_Aldrin | birthDate | "1930-01-20"</mtriple>
        <mtriple>Apollo_11 | operator | NASA</mtriple>
      </modifiedtripleset>
      <lex comment="good" lid="Id1">Retired Buzz Aldrin was once a crew member of Apollo 11 which NASA assigned him to and he was born on January 20th, 1930.</lex>
    </entry>
    <entry category="Astronaut" eid="Id48" shape="(X (X) (X (X) (X)))" shape_type="mixed" size="4">
      <originaltripleset>
        <otriple>Buzz_Aldrin | mission | Apollo_11</otriple>
        <otriple>Buzz_Aldrin | selection | 1963</otriple>
        <otriple>Apollo_11 | crew2Up | William_Anders</otriple>
        <otriple>Apollo_11 | operator | NASA</otriple>
      </originaltripleset>
      <modifiedtripleset>
        <mtriple>Buzz_Aldrin | was a crew member of | Apollo_11</mtriple>
        <mtriple>Buzz_Aldrin | was selected by NASA | 1963</mtriple>
        <mtriple>Apollo_11 | backup pilot | William_Anders</mtriple>
        <mtriple>Apollo_11 | operator | NASA</mtriple>
      </modifiedtripleset>
      <lex comment="good" lid="Id1">Buzz Aldrin began work for NASA in 1963 and became a crew member of Apollo 11 with William Anders as his back up pilot.</lex>
    </entry>
    <entry category="Astronaut" eid="Id49" shape="(X (X) (X) (X (X)))" shape_type="mixed" size="4">
      <originaltripleset>
        <otriple>Distinguished_Service_Medal_(United_States_Navy) | higher | Department_of_Commerce_Gold_Medal</otriple>
        <otriple>Alan_Shepard | birthPlace | New_Hampshire</otriple>
        <otriple>Alan_Shepard | birthDate | "1923-11-18"^^xsd:date</otriple>
        <otriple>Alan_Shepard | awards | Distinguished_Service_Medal_(United_States_Navy)</otriple>
      </originaltripleset>
      <modifiedtripleset>
        <mtriple>Distinguished_Service_Medal_(United_States_Navy) | higher | Department_of_Commerce_Gold_Medal</mtriple>
        <mtriple>Alan_Shepard | birthPlace | New_Hampshire</mtriple>
        <mtriple>Alan_Shepard | birthDate | "1923-11-18"</mtriple>
        <mtriple>Alan_Shepard | awards | Distinguished_Service_Medal_(United_States_Navy)</mtriple>
      </modifiedtripleset>
      <lex comment="good" lid="Id1">Alan Shepard was born in New Hampshire on 1923-11-18. He was awarded the Distinguished Service Medal, which is ranked higher than the Department of Commerce Gold Medal.</lex>
      <lex comment="good" lid="Id2">Alan Shepard who was born in New Hampshire on 18 November, 1923 was awarded a distinguished service medal by the United States Navy. That medal has a higher rank than the Department of Commerce gold medal.</lex>
    </entry>
    <entry category="Astronaut" eid="Id50" shape="(X (X) (X) (X (X)))" shape_type="mixed" size="4">
      <originaltripleset>
        <otriple>Elliot_See | almaMater | University_of_Texas_at_Austin</otriple>
        <otriple>Elliot_See | birthDate | "1927-07-23"^^xsd:date</otriple>
        <otriple>Elliot_See | birthPlace | Dallas</otriple>
        <otriple>University_of_Texas_at_Austin | athletics | Big_12_Conference</otriple>
      </originaltripleset>
      <modifiedtripleset>
        <mtriple>Elliot_See | almaMater | University_of_Texas_at_Austin</mtriple>
        <mtriple>Elliot_See | birthDate | "1927-07-23"</mtriple>
        <mtriple>Elliot_See | birthPlace | Dallas</mtriple>
        <mtriple>University_of_Texas_at_Austin | compete in | Big_12_Conference</mtriple>
      </modifiedtripleset>
      <lex comment="good" lid="Id1">Elliot See was born in Dallas on July 23, 1927. He graduated from University of Texas at Austin, and competed in the Big 12 Conference.</lex>
      <lex comment="good" lid="Id2">Elliot See (born in Dallas on 1927-07-23) went to the University of Texas at Austin who competed in the Big 12 Conference.</lex>
    </entry>
    <entry category="Astronaut" eid="Id51" shape="(X (X) (X) (X) (X))" shape_type="sibling" size="4">
      <originaltripleset>
        <otriple>Elliot_See | almaMater | University_of_Texas_at_Austin</otriple>
        <otriple>Elliot_See | deathPlace | St._Louis</otriple>
        <otriple>Elliot_See | birthPlace | Dallas</otriple>
        <otriple>Elliot_See | occupation | Test_pilot</otriple>
      </originaltripleset>
      <modifiedtripleset>
        <mtriple>Elliot_See | almaMater | University_of_Texas_at_Austin</mtriple>
        <mtriple>Elliot_See | deathPlace | St._Louis</mtriple>
        <mtriple>Elliot_See | birthPlace | Dallas</mtriple>
        <mtriple>Elliot_See | occupation | Test_pilot</mtriple>
      </modifiedtripleset>
      <lex comment="good" lid="Id1">Elliot See, born in Dallas, graduated from University of Texas at Austin, and was a test pilot. He died in St. Louis.</lex>
      <lex comment="good" lid="Id2">Elliot See (born in Dallas) went to the University of Texas at Austin. Worked as a test pilot and died in St. Louis.</lex>
      <lex comment="good" lid="Id3">Test pilot Elliot See graduated from University of Texas at Austin, he was born in Dallas and died in St. Louis.</lex>
    </entry>
    <entry category="Astronaut" eid="Id52" shape="(X (X) (X) (X) (X))" shape_type="sibling" size="4">
      <originaltripleset>
        <otriple>Elliot_See | almaMater | University_of_Texas_at_Austin</otriple>
        <otriple>Elliot_See | deathPlace | St._Louis</otriple>
        <otriple>Elliot_See | birthPlace | Dallas</otriple>
        <otriple>Elliot_See | selection | 1962</otriple>
      </originaltripleset>
      <modifiedtripleset>
        <mtriple>Elliot_See | almaMater | University_of_Texas_at_Austin</mtriple>
        <mtriple>Elliot_See | deathPlace | St._Louis</mtriple>
        <mtriple>Elliot_See | birthPlace | Dallas</mtriple>
        <mtriple>Elliot_See | was selected by NASA | 1962</mtriple>
      </modifiedtripleset>
      <lex comment="good" lid="Id1">Elliot See who was born in Dallas and died in St. Louis, attended the University of Texas in Austin and in 1962 was picked by NASA to join the space program.</lex>
      <lex comment="good" lid="Id2">Elliot See was born in Dallas. He attended the University of Texas in Austin and was selected by NASA in 1962. He died in St Louis.</lex>
      <lex comment="good" lid="Id3">Elliot See who was born in Dallas and died in St Louis, graduated from the University of Texas at Austin and was selected by NASA in 1962.</lex>
    </entry>
    <entry category="Astronaut" eid="Id53" shape="(X (X) (X) (X (X)))" shape_type="mixed" size="4">
      <originaltripleset>
        <otriple>Elliot_See | almaMater | University_of_Texas_at_Austin</otriple>
        <otriple>Elliot_See | occupation | Test_pilot</otriple>
        <otriple>University_of_Texas_at_Austin | athletics | Big_12_Conference</otriple>
        <otriple>Elliot_See | deathPlace | St._Louis</otriple>
      </originaltripleset>
      <modifiedtripleset>
        <mtriple>Elliot_See | almaMater | University_of_Texas_at_Austin</mtriple>
        <mtriple>Elliot_See | occupation | Test_pilot</mtriple>
        <mtriple>University_of_Texas_at_Austin | compete in | Big_12_Conference</mtriple>
        <mtriple>Elliot_See | deathPlace | St._Louis</mtriple>
      </modifiedtripleset>
      <lex comment="good" lid="Id1">Elliot See graduated from the University of Texas at Austin which competes in the Big 12 Conference. He served as a test pilot and died in St Louis.</lex>
    </entry>
    <entry category="Astronaut" eid="Id54" shape="(X (X) (X) (X) (X))" shape_type="sibling" size="4">
      <originaltripleset>
        <otriple>Elliot_See | almaMater | University_of_Texas_at_Austin</otriple>
        <otriple>Elliot_See | status | "Deceased"@en</otriple>
        <otriple>Elliot_See | birthPlace | Dallas</otriple>
        <otriple>Elliot_See | occupation | Test_pilot</otriple>
      </originaltripleset>
      <modifiedtripleset>
        <mtriple>Elliot_See | almaMater | University_of_Texas_at_Austin</mtriple>
        <mtriple>Elliot_See | status | "Deceased"</mtriple>
        <mtriple>Elliot_See | birthPlace | Dallas</mtriple>
        <mtriple>Elliot_See | occupation | Test_pilot</mtriple>
      </modifiedtripleset>
      <lex comment="good" lid="Id1">Elliot See (born in Dallas) went to the University of Texas at Austin and was a test pilot. He is deceased now.</lex>
      <lex comment="good" lid="Id2">Test Pilot Elliot See (deceased) was born in Dallas and studied at the University of Texas at Austin.</lex>
    </entry>
    <entry category="Astronaut" eid="Id55" shape="(X (X (X)) (X (X)))" shape_type="mixed" size="4">
      <originaltripleset>
        <otriple>Elliot_See | almaMater | University_of_Texas_at_Austin</otriple>
        <otriple>St._Louis | leaderName | Francis_G._Slay</otriple>
        <otriple>University_of_Texas_at_Austin | athletics | Big_12_Conference</otriple>
        <otriple>Elliot_See | deathPlace | St._Louis</otriple>
      </originaltripleset>
      <modifiedtripleset>
        <mtriple>Elliot_See | almaMater | University_of_Texas_at_Austin</mtriple>
        <mtriple>St._Louis | leaderName | Francis_G._Slay</mtriple>
        <mtriple>University_of_Texas_at_Austin | compete in | Big_12_Conference</mtriple>
        <mtriple>Elliot_See | deathPlace | St._Louis</mtriple>
      </modifiedtripleset>
      <lex comment="good" lid="Id1">Elliot See graduated from University of Texas at Austin, and died in St. Louis. Francis G. Slay of St. Louis competed in the Big 12 Conference at University of Texas at Austin.</lex>
      <lex comment="good" lid="Id2">Elliot See went to the University of Texas at Austin to compete in the Big 12 Conference. He died in St. Louis with Francis G. Slay.</lex>
    </entry>
    <entry category="Astronaut" eid="Id56" shape="(X (X (X)) (X (X)))" shape_type="mixed" size="4">
      <originaltripleset>
        <otriple>Elliot_See | almaMater | University_of_Texas_at_Austin</otriple>
        <otriple>University_of_Texas_at_Austin | affiliations | University_of_Texas_System</otriple>
        <otriple>Dallas | partsType | List_of_counties_in_Texas</otriple>
        <otriple>Elliot_See | birthPlace | Dallas</otriple>
      </originaltripleset>
      <modifiedtripleset>
        <mtriple>Elliot_See | almaMater | University_of_Texas_at_Austin</mtriple>
        <mtriple>University_of_Texas_at_Austin | affiliations | University_of_Texas_System</mtriple>
        <mtriple>Dallas | partsType | List_of_counties_in_Texas</mtriple>
        <mtriple>Elliot_See | birthPlace | Dallas</mtriple>
      </modifiedtripleset>
      <lex comment="good" lid="Id1">Elliot See was born in Dallas, and graduated from University of Texas at Austin, which is Affiliated with University of Texas System.</lex>
      <lex comment="good" lid="Id2">Elliot See (born in Dallas) went to the University of Texas at Austin which is affiliated with the University of Texas System.</lex>
    </entry>
    <entry category="Astronaut" eid="Id57" shape="(X (X) (X) (X (X)))" shape_type="mixed" size="4">
      <originaltripleset>
        <otriple>Elliot_See | almaMater | University_of_Texas_at_Austin</otriple>
        <otriple>University_of_Texas_at_Austin | affiliations | University_of_Texas_System</otriple>
        <otriple>Elliot_See | deathPlace | St._Louis</otriple>
        <otriple>Elliot_See | deathDate | "1966-02-28"^^xsd:date</otriple>
      </originaltripleset>
      <modifiedtripleset>
        <mtriple>Elliot_See | almaMater | University_of_Texas_at_Austin</mtriple>
        <mtriple>University_of_Texas_at_Austin | affiliations | University_of_Texas_System</mtriple>
        <mtriple>Elliot_See | deathPlace | St._Louis</mtriple>
        <mtriple>Elliot_See | deathDate | "1966-02-28"</mtriple>
      </modifiedtripleset>
      <lex comment="good" lid="Id1">Elliot See's Alma mater was the University of Texas, Austin, which had affiliations with the University of Texas System. He died in St. Louis on February 28, 1966.</lex>
    </entry>
    <entry category="Astronaut" eid="Id58" shape="(X (X) (X) (X (X)))" shape_type="mixed" size="4">
      <originaltripleset>
        <otriple>Elliot_See | almaMater | University_of_Texas_at_Austin</otriple>
        <otriple>University_of_Texas_at_Austin | affiliations | University_of_Texas_System</otriple>
        <otriple>Elliot_See | occupation | Test_pilot</otriple>
        <otriple>Elliot_See | birthPlace | Dallas</otriple>
      </originaltripleset>
      <modifiedtripleset>
        <mtriple>Elliot_See | almaMater | University_of_Texas_at_Austin</mtriple>
        <mtriple>University_of_Texas_at_Austin | affiliations | University_of_Texas_System</mtriple>
        <mtriple>Elliot_See | occupation | Test_pilot</mtriple>
        <mtriple>Elliot_See | birthPlace | Dallas</mtriple>
      </modifiedtripleset>
      <lex comment="good" lid="Id1">Elliot See was a test pilot born in Dallas. He graduated from university of Texas at Austin, which is affiliated with University of Texas System.</lex>
      <lex comment="good" lid="Id2">Elliot See (born in Dallas) went to the University of Texas at Austin which is affiliated with the University of Texas System and was a test pilot.</lex>
    </entry>
    <entry category="Astronaut" eid="Id59" shape="(X (X) (X (X) (X)))" shape_type="mixed" size="4">
      <originaltripleset>
        <otriple>Elliot_See | almaMater | University_of_Texas_at_Austin</otriple>
        <otriple>University_of_Texas_at_Austin | affiliations | University_of_Texas_System</otriple>
        <otriple>University_of_Texas_at_Austin | athletics | Big_12_Conference</otriple>
        <otriple>Elliot_See | status | "Deceased"@en</otriple>
      </originaltripleset>
      <modifiedtripleset>
        <mtriple>Elliot_See | almaMater | University_of_Texas_at_Austin</mtriple>
        <mtriple>University_of_Texas_at_Austin | affiliations | University_of_Texas_System</mtriple>
        <mtriple>University_of_Texas_at_Austin | compete in | Big_12_Conference</mtriple>
        <mtriple>Elliot_See | status | "Deceased"</mtriple>
      </modifiedtripleset>
      <lex comment="good" lid="Id1">Elliot See, deceased, competed in the Big 12 Conference, and graduated from University of Texas at Austin, which is affiliated with University of Texas System.</lex>
      <lex comment="good" lid="Id2">Elliot See went to University of Texas at Austin which is affiliated with the University of Texas System and competed in the Big 12 Conference. He is now deceased.</lex>
    </entry>
    <entry category="Astronaut" eid="Id60" shape="(X (X (X) (X) (X)))" shape_type="mixed" size="4">
      <originaltripleset>
        <otriple>Elliot_See | almaMater | University_of_Texas_at_Austin</otriple>
        <otriple>University_of_Texas_at_Austin | affiliations | University_of_Texas_System</otriple>
        <otriple>University_of_Texas_at_Austin | athletics | Big_12_Conference</otriple>
        <otriple>University_of_Texas_at_Austin | president | Gregory_L._Fenves</otriple>
      </originaltripleset>
      <modifiedtripleset>
        <mtriple>Elliot_See | almaMater | University_of_Texas_at_Austin</mtriple>
        <mtriple>University_of_Texas_at_Austin | affiliations | University_of_Texas_System</mtriple>
        <mtriple>University_of_Texas_at_Austin | compete in | Big_12_Conference</mtriple>
        <mtriple>University_of_Texas_at_Austin | president | Gregory_L._Fenves</mtriple>
      </modifiedtripleset>
      <lex comment="good" lid="Id1">Elliot See graduated from the University of Texas at Austin which is affiliated to the University of Texas System and competes in the Big 12 Conference under its president Gregory L Fenves.</lex>
    </entry>
    <entry category="Astronaut" eid="Id61" shape="(X (X (X) (X) (X)))" shape_type="mixed" size="4">
      <originaltripleset>
        <otriple>Elliot_See | almaMater | University_of_Texas_at_Austin</otriple>
        <otriple>University_of_Texas_at_Austin | mascot | Hook_'em_(mascot)</otriple>
        <otriple>University_of_Texas_at_Austin | athletics | Big_12_Conference</otriple>
        <otriple>University_of_Texas_at_Austin | affiliation | University_of_Texas_System</otriple>
      </originaltripleset>
      <modifiedtripleset>
        <mtriple>Elliot_See | almaMater | University_of_Texas_at_Austin</mtriple>
        <mtriple>University_of_Texas_at_Austin | mascot | Hook_'em_(mascot)</mtriple>
        <mtriple>University_of_Texas_at_Austin | compete in | Big_12_Conference</mtriple>
        <mtriple>University_of_Texas_at_Austin | affiliation | University_of_Texas_System</mtriple>
      </modifiedtripleset>
      <lex comment="good" lid="Id1">Elliot See was a student at the University of Texas in Austin which competes in the Big 12 Conference, is part of the University of Texas system and has as its mascot, Hook'em.</lex>
    </entry>
    <entry category="Astronaut" eid="Id62" shape="(X (X) (X) (X) (X))" shape_type="sibling" size="4">
      <originaltripleset>
        <otriple>Elliot_See | deathPlace | St._Louis</otriple>
        <otriple>Elliot_See | birthDate | "1927-07-23"^^xsd:date</otriple>
        <otriple>Elliot_See | deathDate | "1966-02-28"^^xsd:date</otriple>
        <otriple>Elliot_See | nationality | United_States</otriple>
      </originaltripleset>
      <modifiedtripleset>
        <mtriple>Elliot_See | deathPlace | St._Louis</mtriple>
        <mtriple>Elliot_See | birthDate | "1927-07-23"</mtriple>
        <mtriple>Elliot_See | deathDate | "1966-02-28"</mtriple>
        <mtriple>Elliot_See | nationality | United_States</mtriple>
      </modifiedtripleset>
      <lex comment="good" lid="Id1">American Elliot See was born on July 23rd, 1927 and died in St. Louis February 28th, 1966.</lex>
      <lex comment="good" lid="Id2">Elliot See was a National of the United States. He was born on 1927-07-23 and died on 1966-02-28 in St. Louis.</lex>
      <lex comment="good" lid="Id3">Elliot See was a United States citizen born 1927.07.23 and dying in St Louis on 1966.02.28.</lex>
    </entry>
    <entry category="Astronaut" eid="Id63" shape="(X (X) (X) (X) (X))" shape_type="sibling" size="4">
      <originaltripleset>
        <otriple>Elliot_See | status | "Deceased"@en</otriple>
        <otriple>Elliot_See | birthDate | "1927-07-23"^^xsd:date</otriple>
        <otriple>Elliot_See | birthPlace | Dallas</otriple>
        <otriple>Elliot_See | occupation | Test_pilot</otriple>
      </originaltripleset>
      <modifiedtripleset>
        <mtriple>Elliot_See | status | "Deceased"</mtriple>
        <mtriple>Elliot_See | birthDate | "1927-07-23"</mtriple>
        <mtriple>Elliot_See | birthPlace | Dallas</mtriple>
        <mtriple>Elliot_See | occupation | Test_pilot</mtriple>
      </modifiedtripleset>
      <lex comment="good" lid="Id1">Elliot See, deceased, was a test pilot born in Dallas on July 23, 1927.</lex>
    </entry>
    <entry category="Astronaut" eid="Id64" shape="(X (X) (X) (X) (X))" shape_type="sibling" size="4">
      <originaltripleset>
        <otriple>Elliot_See | status | "Deceased"@en</otriple>
        <otriple>Elliot_See | deathPlace | St._Louis</otriple>
        <otriple>Elliot_See | birthDate | "1927-07-23"^^xsd:date</otriple>
        <otriple>Elliot_See | occupation | Test_pilot</otriple>
      </originaltripleset>
      <modifiedtripleset>
        <mtriple>Elliot_See | status | "Deceased"</mtriple>
        <mtriple>Elliot_See | deathPlace | St._Louis</mtriple>
        <mtriple>Elliot_See | birthDate | "1927-07-23"</mtriple>
        <mtriple>Elliot_See | occupation | Test_pilot</mtriple>
      </modifiedtripleset>
      <lex comment="good" lid="Id1">Elliot See was a test pilot who was born on July 23, 1927, died in St. Louis.</lex>
      <lex comment="good" lid="Id2">Elliot See (born on 1927-07-23) was a test pilot and died in St. Louis.</lex>
      <lex comment="good" lid="Id3">Test Pilot Elliot See was born 23rd July 1927 and died in St. Louis.</lex>
    </entry>
    <entry category="Astronaut" eid="Id65" shape="(X (X) (X) (X) (X))" shape_type="sibling" size="4">
      <originaltripleset>
        <otriple>Elliot_See | status | "Deceased"@en</otriple>
        <otriple>Elliot_See | deathPlace | St._Louis</otriple>
        <otriple>Elliot_See | birthPlace | Dallas</otriple>
        <otriple>Elliot_See | nationality | United_States</otriple>
      </originaltripleset>
      <modifiedtripleset>
        <mtriple>Elliot_See | status | "Deceased"</mtriple>
        <mtriple>Elliot_See | deathPlace | St._Louis</mtriple>
        <mtriple>Elliot_See | birthPlace | Dallas</mtriple>
        <mtriple>Elliot_See | nationality | United_States</mtriple>
      </modifiedtripleset>
      <lex comment="good" lid="Id1">Elliot See was born in Dallas in the United States and died in St Louis.</lex>
      <lex comment="good" lid="Id2">Elliot See was a United States national born in Dallas. He died in St. Louis.</lex>
    </entry>
    <entry category="Astronaut" eid="Id66" shape="(X (X) (X) (X) (X))" shape_type="sibling" size="4">
      <originaltripleset>
        <otriple>Elliot_See | status | "Deceased"@en</otriple>
        <otriple>Elliot_See | deathPlace | St._Louis</otriple>
        <otriple>Elliot_See | birthPlace | Dallas</otriple>
        <otriple>Elliot_See | occupation | Test_pilot</otriple>
      </originaltripleset>
      <modifiedtripleset>
        <mtriple>Elliot_See | status | "Deceased"</mtriple>
        <mtriple>Elliot_See | deathPlace | St._Louis</mtriple>
        <mtriple>Elliot_See | birthPlace | Dallas</mtriple>
        <mtriple>Elliot_See | occupation | Test_pilot</mtriple>
      </modifiedtripleset>
      <lex comment="good" lid="Id1">Test pilot Elliot See who was born in Dallas, died in St. Louis.</lex>
      <lex comment="good" lid="Id2">Elliot See was born in Dallas and served as a test pilot before dying in St Louis.</lex>
    </entry>
    <entry category="Astronaut" eid="Id67" shape="(X (X (X)) (X (X)))" shape_type="mixed" size="4">
      <originaltripleset>
        <otriple>New_Hampshire | bird | Purple_finch</otriple>
        <otriple>Distinguished_Service_Medal_(United_States_Navy) | higher | Department_of_Commerce_Gold_Medal</otriple>
        <otriple>Alan_Shepard | birthPlace | New_Hampshire</otriple>
        <otriple>Alan_Shepard | awards | Distinguished_Service_Medal_(United_States_Navy)</otriple>
      </originaltripleset>
      <modifiedtripleset>
        <mtriple>New_Hampshire | bird | Purple_finch</mtriple>
        <mtriple>Distinguished_Service_Medal_(United_States_Navy) | higher | Department_of_Commerce_Gold_Medal</mtriple>
        <mtriple>Alan_Shepard | birthPlace | New_Hampshire</mtriple>
        <mtriple>Alan_Shepard | awards | Distinguished_Service_Medal_(United_States_Navy)</mtriple>
      </modifiedtripleset>
      <lex comment="good" lid="Id1">The U.S. Navy awarded Alan Shepard, who was born in New Hampshire and is home to the Purple finch bird, the Distinguished Service Medal which is higher than the Department of Commerce Gold Medal.</lex>
      <lex comment="good" lid="Id2">Alan Shepard, who was born in New Hampshire, well known for the Purple finch, was awarded the Distinguished Service Medal (United States Navy) and the higher Department of Commerce Gold Medal.</lex>
    </entry>
    <entry category="Astronaut" eid="Id68" shape="(X (X) (X) (X) (X))" shape_type="sibling" size="4">
      <originaltripleset>
        <otriple>William_Anders | birthDate | "1933-10-17"^^xsd:date</otriple>
        <otriple>William_Anders | occupation | Fighter_pilot</otriple>
        <otriple>William_Anders | birthPlace | British_Hong_Kong</otriple>
        <otriple>William_Anders | almaMater | "AFIT, M.S. 1962"@en</otriple>
      </originaltripleset>
      <modifiedtripleset>
        <mtriple>William_Anders | birthDate | "1933-10-17"</mtriple>
        <mtriple>William_Anders | occupation | Fighter_pilot</mtriple>
        <mtriple>William_Anders | birthPlace | British_Hong_Kong</mtriple>
        <mtriple>William_Anders | almaMater | "AFIT, M.S. 1962"</mtriple>
      </modifiedtripleset>
      <lex comment="good" lid="Id1">William Anders was a fighter pilot who was born in British Hong Kong on October 17, 1933. He graduated from AFIT with an M.S. in 1962.</lex>
      <lex comment="good" lid="Id2">William Anders (born in British Hong Kong on 1933-10-17) was a fighter pilot and went to AFIT, M.S. 1962.</lex>
    </entry>
    <entry category="Astronaut" eid="Id69" shape="(X (X) (X) (X) (X))" shape_type="sibling" size="4">
      <originaltripleset>
        <otriple>William_Anders | birthDate | "1933-10-17"^^xsd:date</otriple>
        <otriple>William_Anders | occupation | Fighter_pilot</otriple>
        <otriple>William_Anders | birthPlace | British_Hong_Kong</otriple>
        <otriple>William_Anders | mission | Apollo_8</otriple>
      </originaltripleset>
      <modifiedtripleset>
        <mtriple>William_Anders | birthDate | "1933-10-17"</mtriple>
        <mtriple>William_Anders | occupation | Fighter_pilot</mtriple>
        <mtriple>William_Anders | birthPlace | British_Hong_Kong</mtriple>
        <mtriple>William_Anders | was a crew member of | Apollo_8</mtriple>
      </modifiedtripleset>
      <lex comment="good" lid="Id1">William Anders was born on October 17, 1933 in British Hong Kong, served as a fighter pilot and crew member of Apollo 8.</lex>
      <lex comment="good" lid="Id2">William Anders (born in British Hong Kong on 1933-10-17) was a crew member of Apollo 8 and also a fighter pilot.</lex>
    </entry>
    <entry category="Astronaut" eid="Id70" shape="(X (X) (X) (X) (X))" shape_type="sibling" size="4">
      <originaltripleset>
        <otriple>William_Anders | dateOfRet | "1969-09-01"^^xsd:date</otriple>
        <otriple>William_Anders | nationality | United_States</otriple>
        <otriple>William_Anders | birthDate | "1933-10-17"^^xsd:date</otriple>
        <otriple>William_Anders | birthPlace | British_Hong_Kong</otriple>
      </originaltripleset>
      <modifiedtripleset>
        <mtriple>William_Anders | dateOfRetirement | "1969-09-01"</mtriple>
        <mtriple>William_Anders | nationality | United_States</mtriple>
        <mtriple>William_Anders | birthDate | "1933-10-17"</mtriple>
        <mtriple>William_Anders | birthPlace | British_Hong_Kong</mtriple>
      </modifiedtripleset>
      <lex comment="good" lid="Id1">William Anders is a US national who was born in British Hong Kong on 17 October 1933 and retired on 1 January 1969.</lex>
      <lex comment="good" lid="Id2">William Anders was born in British Hong Kong on October 17, 1933. His nationality is United States. He retired on September 1, 1969.</lex>
      <lex comment="good" lid="Id3">William Anders was born on 10/17/1933 in British Hong Kong. He was of US nationality and retired on 09/01/1969.</lex>
    </entry>
    <entry category="Astronaut" eid="Id71" shape="(X (X) (X) (X) (X))" shape_type="sibling" size="4">
      <originaltripleset>
        <otriple>William_Anders | dateOfRet | "1969-09-01"^^xsd:date</otriple>
        <otriple>William_Anders | nationality | United_States</otriple>
        <otriple>William_Anders | birthPlace | British_Hong_Kong</otriple>
        <otriple>William_Anders | almaMater | "AFIT, M.S. 1962"@en</otriple>
      </originaltripleset>
      <modifiedtripleset>
        <mtriple>William_Anders | dateOfRetirement | "1969-09-01"</mtriple>
        <mtriple>William_Anders | nationality | United_States</mtriple>
        <mtriple>William_Anders | birthPlace | British_Hong_Kong</mtriple>
        <mtriple>William_Anders | almaMater | "AFIT, M.S. 1962"</mtriple>
      </modifiedtripleset>
      <lex comment="good" lid="Id1">American William Anders was born in British Hong Kong. He graduated with an M.S. from AFIT in 1962 and retired on September 1st, 1969.</lex>
      <lex comment="good" lid="Id2">William Anders who was born in British Hong Kong before becoming a resident of the United States. He graduated from AFIT in 1962 with a master of science and retired in 1969.</lex>
      <lex comment="good" lid="Id3">William Anders was a United States citizen who was born in British Hong Kong. He graduated from AFIT, MS in 1962 and retired 1969.09.01.</lex>
    </entry>
    <entry category="Astronaut" eid="Id72" shape="(X (X) (X) (X) (X))" shape_type="sibling" size="4">
      <originaltripleset>
        <otriple>William_Anders | dateOfRet | "1969-09-01"^^xsd:date</otriple>
        <otriple>William_Anders | occupation | Fighter_pilot</otriple>
        <otriple>William_Anders | birthPlace | British_Hong_Kong</otriple>
        <otriple>William_Anders | almaMater | "AFIT, M.S. 1962"@en</otriple>
      </originaltripleset>
      <modifiedtripleset>
        <mtriple>William_Anders | dateOfRetirement | "1969-09-01"</mtriple>
        <mtriple>William_Anders | occupation | Fighter_pilot</mtriple>
        <mtriple>William_Anders | birthPlace | British_Hong_Kong</mtriple>
        <mtriple>William_Anders | almaMater | "AFIT, M.S. 1962"</mtriple>
      </modifiedtripleset>
      <lex comment="good" lid="Id1">William Anders was born in British Hong Kong and served as a fighter pilot after graduating from AFIT, M.S. in 1962. He retired on 1 September 1969.</lex>
      <lex comment="good" lid="Id2">William Anders was born in British Hong Kong. His Alma mater was AFIT and he graduated in 1962 with an M.S. He retired from his career as a fighter pilot on September 1, 1969.</lex>
      <lex comment="good" lid="Id3">William Anders was born in British Hong Kong. He graduated from AFIT with an M.S. in 1962 and became a fighter pilot. He retired on 09/01/1969.</lex>
    </entry>
    <entry category="Astronaut" eid="Id73" shape="(X (X) (X) (X) (X))" shape_type="sibling" size="4">
      <originaltripleset>
        <otriple>William_Anders | dateOfRet | "1969-09-01"^^xsd:date</otriple>
        <otriple>William_Anders | occupation | Fighter_pilot</otriple>
        <otriple>William_Anders | birthPlace | British_Hong_Kong</otriple>
        <otriple>William_Anders | mission | Apollo_8</otriple>
      </originaltripleset>
      <modifiedtripleset>
        <mtriple>William_Anders | dateOfRetirement | "1969-09-01"</mtriple>
        <mtriple>William_Anders | occupation | Fighter_pilot</mtriple>
        <mtriple>William_Anders | birthPlace | British_Hong_Kong</mtriple>
        <mtriple>William_Anders | was a crew member of | Apollo_8</mtriple>
      </modifiedtripleset>
      <lex comment="good" lid="Id1">William Anders (born in British Hong Kong) was a crew member of Apollo 8 and was a fighter pilot. He retired on 1969-09-01.</lex>
    </entry>
    <entry category="Astronaut" eid="Id74" shape="(X (X) (X) (X (X)))" shape_type="mixed" size="4">
      <originaltripleset>
        <otriple>William_Anders | dateOfRet | "1969-09-01"^^xsd:date</otriple>
        <otriple>William_Anders | mission | Apollo_8</otriple>
        <otriple>William_Anders | birthPlace | British_Hong_Kong</otriple>
        <otriple>Apollo_8 | crewMembers | Frank_Borman</otriple>
      </originaltripleset>
      <modifiedtripleset>
        <mtriple>William_Anders | dateOfRetirement | "1969-09-01"</mtriple>
        <mtriple>William_Anders | was a crew member of | Apollo_8</mtriple>
        <mtriple>William_Anders | birthPlace | British_Hong_Kong</mtriple>
        <mtriple>Apollo_8 | crewMembers | Frank_Borman</mtriple>
      </modifiedtripleset>
      <lex comment="good" lid="Id1">William Anders (born in British Hong Kong) was a crew member of Apollo 8 with Frank Borman and retired on 1969-09-01.</lex>
      <lex comment="good" lid="Id2">William Anders was born in British Hong Kong. Along with Frank Borman he was a crew member on Apollo 8. He retired on 1969.09.01.</lex>
    </entry>
    <entry category="Astronaut" eid="Id75" shape="(X (X) (X) (X) (X))" shape_type="sibling" size="4">
      <originaltripleset>
        <otriple>William_Anders | dateOfRet | "1969-09-01"^^xsd:date</otriple>
        <otriple>William_Anders | selection | 1963</otriple>
        <otriple>William_Anders | birthPlace | British_Hong_Kong</otriple>
        <otriple>William_Anders | almaMater | "AFIT, M.S. 1962"@en</otriple>
      </originaltripleset>
      <modifiedtripleset>
        <mtriple>William_Anders | dateOfRetirement | "1969-09-01"</mtriple>
        <mtriple>William_Anders | was selected by NASA | 1963</mtriple>
        <mtriple>William_Anders | birthPlace | British_Hong_Kong</mtriple>
        <mtriple>William_Anders | almaMater | "AFIT, M.S. 1962"</mtriple>
      </modifiedtripleset>
      <lex comment="good" lid="Id1">William Anders (born in British Hong Kong) was selected by NASA in 1963 after attending AFIT, M.S. 1962 and retired on 1969-09-01.</lex>
    </entry>
    <entry category="Astronaut" eid="Id76" shape="(X (X) (X) (X) (X))" shape_type="sibling" size="4">
      <originaltripleset>
        <otriple>William_Anders | dateOfRet | "1969-09-01"^^xsd:date</otriple>
        <otriple>William_Anders | selection | 1963</otriple>
        <otriple>William_Anders | birthPlace | British_Hong_Kong</otriple>
        <otriple>William_Anders | mission | Apollo_8</otriple>
      </originaltripleset>
      <modifiedtripleset>
        <mtriple>William_Anders | dateOfRetirement | "1969-09-01"</mtriple>
        <mtriple>William_Anders | was selected by NASA | 1963</mtriple>
        <mtriple>William_Anders | birthPlace | British_Hong_Kong</mtriple>
        <mtriple>William_Anders | was a crew member of | Apollo_8</mtriple>
      </modifiedtripleset>
      <lex comment="good" lid="Id1">William Anders, a crew member of Apollo 8, was born in British Hong Kong, and was selected by NASA in 1963. He retired September 1, 1969.</lex>
      <lex comment="good" lid="Id2">William Anders (born in British Hong Kong) was a crew member of Apollo 8 and was selected by NASA in 1963. He retired on 1969-09-01.</lex>
      <lex comment="good" lid="Id3">British Hong Kong born William Anders was a selected as a crew member of Apollo 8 by NASA in 1963 and retired 1st September 1969.</lex>
    </entry>
    <entry category="Astronaut" eid="Id77" shape="(X (X) (X) (X (X)))" shape_type="mixed" size="4">
      <originaltripleset>
        <otriple>William_Anders | occupation | Fighter_pilot</otriple>
        <otriple>William_Anders | mission | Apollo_8</otriple>
        <otriple>Apollo_8 | crewMembers | Frank_Borman</otriple>
        <otriple>William_Anders | status | "Retired"@en</otriple>
      </originaltripleset>
      <modifiedtripleset>
        <mtriple>William_Anders | occupation | Fighter_pilot</mtriple>
        <mtriple>William_Anders | was a crew member of | Apollo_8</mtriple>
        <mtriple>Apollo_8 | crewMembers | Frank_Borman</mtriple>
        <mtriple>William_Anders | status | "Retired"</mtriple>
      </modifiedtripleset>
      <lex comment="good" lid="Id1">Fighter pilot William Anders, who is now retired, was part of Apollo 8 which included Frank Borman among the crew.</lex>
      <lex comment="good" lid="Id2">William Anders is a retired fighter pilot. He along side Frank Borman was a crew member of Apollo 8.</lex>
      <lex comment="good" lid="Id3">William Anders, retired, served as a fighter pilot before joining as a crew member on Apollo 8 alongside Frank Borman.</lex>
    </entry>
    <entry category="Astronaut" eid="Id78" shape="(X (X (X) (X) (X)))" shape_type="mixed" size="4">
      <originaltripleset>
        <otriple>William_Anders | mission | Apollo_8</otriple>
        <otriple>Apollo_8 | crew2Up | Buzz_Aldrin</otriple>
        <otriple>Apollo_8 | crewMembers | Frank_Borman</otriple>
        <otriple>Apollo_8 | operator | NASA</otriple>
      </originaltripleset>
      <modifiedtripleset>
        <mtriple>William_Anders | was a crew member of | Apollo_8</mtriple>
        <mtriple>Apollo_8 | backup pilot | Buzz_Aldrin</mtriple>
        <mtriple>Apollo_8 | crewMembers | Frank_Borman</mtriple>
        <mtriple>Apollo_8 | operator | NASA</mtriple>
      </modifiedtripleset>
      <lex comment="good" lid="Id1">William Anders worked for NASA and became a crew member of Apollo 8 with Frank Borman and Buzz Aldrin as his back up pilot.</lex>
      <lex comment="good" lid="Id2">William Anders was a crew member of the NASA operated Apollo 8 along with fellow crew member Frank Borman and backup pilot Buzz Aldrin.</lex>
    </entry>
    <entry category="Astronaut" eid="Id79" shape="(X (X) (X (X) (X)))" shape_type="mixed" size="4">
      <originaltripleset>
        <otriple>William_Anders | mission | Apollo_8</otriple>
        <otriple>William_Anders | nationality | United_States</otriple>
        <otriple>Apollo_8 | crewMembers | Frank_Borman</otriple>
        <otriple>Apollo_8 | operator | NASA</otriple>
      </originaltripleset>
      <modifiedtripleset>
        <mtriple>William_Anders | was a crew member of | Apollo_8</mtriple>
        <mtriple>William_Anders | nationality | United_States</mtriple>
        <mtriple>Apollo_8 | crewMembers | Frank_Borman</mtriple>
        <mtriple>Apollo_8 | operator | NASA</mtriple>
      </modifiedtripleset>
      <lex comment="good" lid="Id1">American William Anders was part of Apollo 8 along with Frank Borman as chosen by NASA.</lex>
      <lex comment="good" lid="Id2">William Anders, a United States citizen, was a crew member on the NASA operated Apollo 8 along with Frank Borman.</lex>
    </entry>
    <entry category="Astronaut" eid="Id80" shape="(X (X) (X) (X) (X))" shape_type="sibling" size="4">
      <originaltripleset>
        <otriple>William_Anders | selection | 1963</otriple>
        <otriple>William_Anders | birthDate | "1933-10-17"^^xsd:date</otriple>
        <otriple>William_Anders | birthPlace | British_Hong_Kong</otriple>
        <otriple>William_Anders | mission | Apollo_8</otriple>
      </originaltripleset>
      <modifiedtripleset>
        <mtriple>William_Anders | was selected by NASA | 1963</mtriple>
        <mtriple>William_Anders | birthDate | "1933-10-17"</mtriple>
        <mtriple>William_Anders | birthPlace | British_Hong_Kong</mtriple>
        <mtriple>William_Anders | was a crew member of | Apollo_8</mtriple>
      </modifiedtripleset>
      <lex comment="good" lid="Id1">William Anders, who was born in British Hong Kong on October 17th, 1033, was picked by NASA in 1963 to be part of Apollo 8.</lex>
      <lex comment="good" lid="Id2">William Anders was selected by NASA as a crew member of Apollo 8 in 1963. He was born in British Hong Kong on 17 October 1933.</lex>
    </entry>
    <entry category="Astronaut" eid="Id81" shape="(X (X) (X) (X) (X))" shape_type="sibling" size="4">
      <originaltripleset>
        <otriple>William_Anders | selection | 1963</otriple>
        <otriple>William_Anders | birthDate | "1933-10-17"^^xsd:date</otriple>
        <otriple>William_Anders | occupation | Fighter_pilot</otriple>
        <otriple>William_Anders | birthPlace | British_Hong_Kong</otriple>
      </originaltripleset>
      <modifiedtripleset>
        <mtriple>William_Anders | was selected by NASA | 1963</mtriple>
        <mtriple>William_Anders | birthDate | "1933-10-17"</mtriple>
        <mtriple>William_Anders | occupation | Fighter_pilot</mtriple>
        <mtriple>William_Anders | birthPlace | British_Hong_Kong</mtriple>
      </modifiedtripleset>
      <lex comment="good" lid="Id1">William Anders was born in British Hong Kong on October 17th, 1933 and in 1963 after a stint as a fighter pilot, NASA picked him to be part of the space program.</lex>
      <lex comment="good" lid="Id2">William Anders was born in British Hong Kong on 1933.10.17. He served as a fighter pilot prior to being selected by NASA in 1963.</lex>
    </entry>
    <entry category="Astronaut" eid="Id82" shape="(X (X) (X) (X) (X))" shape_type="sibling" size="4">
      <originaltripleset>
        <otriple>William_Anders | selection | 1963</otriple>
        <otriple>William_Anders | nationality | United_States</otriple>
        <otriple>William_Anders | occupation | Fighter_pilot</otriple>
        <otriple>William_Anders | birthPlace | British_Hong_Kong</otriple>
      </originaltripleset>
      <modifiedtripleset>
        <mtriple>William_Anders | was selected by NASA | 1963</mtriple>
        <mtriple>William_Anders | nationality | United_States</mtriple>
        <mtriple>William_Anders | occupation | Fighter_pilot</mtriple>
        <mtriple>William_Anders | birthPlace | British_Hong_Kong</mtriple>
      </modifiedtripleset>
      <lex comment="good" lid="Id1">William Anders, from the United States was born in British Hong Kong and selected as a fighter pilot by NASA in 1963.</lex>
    </entry>
  </entries>
</benchmark>
